id;usuario;vacante;evaluacion;codigo;firma;fecha_emision;fecha_caducidad;estado;veces_verificado
1;4;3;515;0967256d-ce62-4963-ac29-5ab4c86be8dd;97c3a5fe23a18277e31b0db4abb1bcf19065214b079852e9020b305ec1f15d52;03/08/2026;02/09/2026;caducado;1
2;55;42;593;e2b795ff-6900-464d-9acb-7aebf3a08d58;68183fa653c06d2416f5812d1cbf95339352d3369f8eab471492556dc0b0f578;04/08/2026;03/09/2026;caducado;3
3;41;88;644;bca1aa50-8458-4426-9a13-0ef8826cc54c;38795272ccbdef2d0c8c2d0496ac208cdbd8b14bf99dd925a7362a37fec603e0;01/08/2026;31/08/2026;caducado;9
4;68;210;671;8a3a161e-8e2d-4c6d-ba2c-f20ac1d15ad4;fa8627304760049605183fad529c3cd92e796ab6928710c8399bc1f933f7ecff;06/08/2026;05/09/2026;caducado;6
5;81;96;816;286ece41-8fd8-437b-93c1-b8569101464d;f40706670570730ee88ac21151f08f3373f71a28f80db5f37e1cd4185d4e2249;08/08/2026;07/09/2026;caducado;9
6;98;230;891;1eeb3daf-7716-4bf2-99bd-27030e2cc806;5d2a1b437bfb16bfe7adb75b69b6b0533e796276251c87f02bbd459ceb48b935;09/08/2026;08/09/2026;caducado;8
7;104;83;880;90233743-65e6-4e76-b941-c05cc8418fc8;9a72613cbc4ef8289468a3095ff5b0f273b25b7572de71022790123c0f30afc9;13/08/2026;12/09/2026;caducado;2
8;69;34;964;e3c00ff5-b552-48ff-b018-2b0825fb240d;3146eaf544fd106b51f1103e3bb69a72503e63660369044e9dd8b02b223b4d9c;14/08/2026;13/09/2026;caducado;1
9;114;96;1321;bbc77bc9-4025-488d-b70e-538537c70041;78d110b313e015bf1c701fc22a03f43fee2b0b4f8542df1c63d51ae0a83b74aa;22/08/2026;21/09/2026;caducado;9
10;24;228;1287;31220d14-fb5c-4dd0-8be0-4f7a5564fee9;0098f53620b29f07cdf2d6f557a8f9c3375c22c07f117be1bde6ccd14617e31d;21/08/2026;20/09/2026;caducado;3
11;45;205;1348;cd6f1b0e-f515-4000-8d63-c9026c56cf95;93ae72474bb7d161d55079324b7f5c2911b5c1eab7734158dbe2245e1eebe453;27/08/2026;26/09/2026;vigente;2
12;24;38;1362;d6bd199e-a658-4c5f-986a-03c7aaf7c7d2;6cc71db30b3545b5b89a86fc993a9bb61a95886cb3d25463c611d816ac632b84;22/08/2026;21/09/2026;caducado;3
13;141;29;1373;d7107af6-928b-4c52-8aef-347e92c996e8;ccea136061f0dee573f592d5ba355f2979ca6ab093060f4a2b1602e752141ad1;23/08/2026;22/09/2026;caducado;4
14;113;11;1432;093a433b-1ff0-466c-a61b-c4aae4c41f17;14f55bb5a083b270e2d37b2d1617d560053fa3ec7424fe86c6fb09f2846355e3;24/08/2026;23/09/2026;caducado;7
15;124;15;1493;bd4d6621-5347-4117-acff-11161df2ccb2;e892b57fdaf5210ef43d8ef24cc91b6e07a3c4183872da52bc8c2e89c61b74ba;31/08/2026;30/09/2026;vigente;3
16;151;83;1572;335ae05a-2093-4ac0-95de-6c197a2aaee0;4c00a2442bb6485aed628c9c68eb6ae22bbf3277049b4f5fa8793c303567b9d8;01/09/2026;01/10/2026;vigente;3
17;149;77;1578;979311ad-0f46-4348-8dfe-19333b3233c3;32014f3071626b5a64df57c002aa53c22319ccfb941e86882cf25a714989a4c9;29/08/2026;28/09/2026;vigente;2
18;43;39;1627;b64dfb2e-efaa-4b26-a012-13ae5d867ea9;55cf39127973b6cae54326417f5809f2f770b89732b8ab23914a5f0ecab66102;01/09/2026;01/10/2026;vigente;8
19;119;213;1670;3d65698a-70f3-490c-aabc-b92c08769def;478ac9747b898d35d35b201011f643df78d2dc705b4936a3d0fdd3b26769da19;02/09/2026;02/10/2026;vigente;3
20;158;241;1725;302850d9-567d-41d3-9866-b6621e78e05e;4159b313b775902f172bcad6a4fd6d90d4ef835d230e2808d2d4a43e1543f98c;01/09/2026;01/10/2026;vigente;7
21;146;114;1806;cc187c91-1281-4ac6-b295-d4b7053c55cd;16fdf232228ac8139bc8cf2b42d37a0817d725656c5a7f71c657ef9ed6459202;06/09/2026;06/10/2026;vigente;8
22;155;94;1843;d8887167-957e-4a3d-8ab5-d57de7523455;4eb6b836b70218063b7e90e5cab7c015c35e6fda96edcbed16e4e923e21f4f97;11/09/2026;11/10/2026;vigente;7
23;157;57;2004;ddfe659b-60f2-4502-b701-28486470730d;d68f20bd2a8180e9ced40df1b412ac50ea9d4714ca8ddbb49486e891c2872390;08/09/2026;08/10/2026;vigente;6
24;161;162;2049;f97a16b8-d350-4f04-9b0d-0119d8fba205;17251837c04b0c255e7f7c44016bb38cda04dc125b62ab4e59b65587fb695bb1;12/09/2026;12/10/2026;vigente;6
25;151;109;2144;9d7ab76d-dd75-4cdc-b156-9ddf1dd6c604;976790960cc5c541b7eb7a08a43cf88eb1fae2f3c4de5806ab4d76761e4ef370;16/09/2026;16/10/2026;vigente;6
26;68;133;2214;eac62051-4d74-41cf-86db-45149fee30ca;fb4eda08b25f2f101694e58974441e7b6707c8b88d1e99ac25af7a1b80ab4217;18/09/2026;18/10/2026;vigente;0
27;180;62;2273;3b229c33-fa78-42a0-89e8-f7c434861f8c;35a727c7761222e3f4360300807a57f71443b739aa22411c8dab342bb9d7fe1c;16/09/2026;16/10/2026;vigente;2
28;181;202;2277;55833255-87dd-4f6f-a4a8-034211e41388;5e3abef8759c25076112f97d36f2ad87868e27c4c496ea5c30a21c65262db28e;16/09/2026;16/10/2026;vigente;7
29;54;181;2295;b8a7aff6-7d11-4942-8d39-2a6a80788d40;824606c140a47ccbf8c2a5699ed26f1dfcc8e1ce5165d42b57ab619dba479425;18/09/2026;18/10/2026;vigente;3
30;178;154;2304;8fa81e74-e0de-4034-bad8-177e520ed8f7;4e4ae6701208a1b7afabbcda0d09b454f61e4e8a58aacf0a8f1b8a6f6a14dd78;21/09/2026;21/10/2026;vigente;5
31;172;62;2429;4bcfec0f-8d65-4946-8504-91b97b0845e5;388812e2c86abd01ade37a53316c55a868c612b1dc2f29da1bac46a0f462faa2;17/09/2026;17/10/2026;vigente;3
32;183;222;2411;74635f84-328e-4637-b4b0-2b45ed06cb69;6ba4d5945720a8579060d5c49ea9bbef01d3af648ff49e0345059f3a9ac477f4;19/09/2026;19/10/2026;vigente;9
33;48;73;2417;1cd24f92-d07b-425d-8eda-8c818d243728;de2a89c881e1ba8809486b0056de1a34a4ca5674d76d54d8c62ae8b70c04ce7f;22/09/2026;22/10/2026;vigente;7
34;48;133;2426;3ce57f87-10e3-4e46-ba4e-f8ecbfb4f5f5;c24dc740c7e4b7b4deea05a14a0a72b110ec818950d7347c54c4f7d66f75b611;20/09/2026;20/10/2026;vigente;6
35;163;71;2768;07eee18b-51a4-4ba7-9f4e-2017b24cf878;4203cac88e22fe8d7fc39d35a1276e318fe3abb2e57c7fb687250e102fe19da5;22/09/2026;22/10/2026;vigente;1
36;19;98;2787;9906b18b-d1ce-4e6c-9c93-4123f4c7eb7c;1dc793eeed0e7d3e2ecec3cbd5fdeecd0724754cbdd2a96c5e826a649bbbfb53;24/09/2026;24/10/2026;vigente;0
37;176;187;2802;f1085dfc-a3f5-42e3-a89f-266cad2cadd7;005e7e641ce2c9c7f03266452d3c769a528bf2ff961c82e2b1dbf30315f17ee4;24/09/2026;24/10/2026;vigente;2
38;186;71;2962;d65526d0-9685-4b9a-ab2e-008861018a91;73270b31e7fa91f9ff47e0b1bea01684d54c3b24777569ebdbee224bcbecf34a;23/09/2026;23/10/2026;vigente;6
39;158;18;3138;9a07c96c-e42d-4cf1-82fb-f144f162a084;93fbb1bbfde9b0da9baf5ff0b2ca739d6051bcd1597651362797c6296c9db229;25/09/2026;25/10/2026;vigente;0
40;180;58;3107;9fce4a72-0be5-44e4-b4e0-18bb440d7225;bb213a5ed6ced896b2b89080f3ac44ce5cfaee17be82c0666860cb0d5fca6a16;25/09/2026;25/10/2026;vigente;7
