id;usuario;vacante;veredicto;motivo;fecha
1;23;144;postulada;;15/07/2026
2;40;200;descartada_por_empresa;;16/07/2026
3;70;240;guardada;;16/07/2026
4;47;129;guardada;;17/07/2026
5;63;96;postulada;;17/07/2026
6;13;91;postulada;;17/07/2026
7;76;62;descartada;otro;18/07/2026
8;52;193;descartada;lejos;18/07/2026
9;74;148;descartada;salario;19/07/2026
10;44;53;descartada;tarea;19/07/2026
11;38;85;descartada;lejos;20/07/2026
12;68;223;descartada;tarea;20/07/2026
13;78;210;guardada;;20/07/2026
14;4;20;descartada;otro;20/07/2026
15;47;57;descartada;otro;20/07/2026
16;38;90;guardada;;21/07/2026
17;56;152;guardada;;22/07/2026
18;60;45;guardada;;22/07/2026
19;47;151;guardada;;22/07/2026
20;22;11;guardada;;22/07/2026
21;22;50;postulada;;22/07/2026
22;12;28;descartada;lejos;22/07/2026
23;71;152;guardada;;23/07/2026
24;87;127;descartada;otro;23/07/2026
25;19;86;entrevista;;23/07/2026
26;40;247;descartada;otro;23/07/2026
27;56;211;descartada_por_empresa;;23/07/2026
28;15;180;descartada;salario;23/07/2026
29;38;160;descartada;otro;23/07/2026
30;3;215;descartada;salario;23/07/2026
31;52;12;descartada;lejos;24/07/2026
32;68;40;descartada;lejos;24/07/2026
33;31;236;guardada;;24/07/2026
34;46;92;descartada;lejos;25/07/2026
35;18;246;descartada;otro;25/07/2026
36;23;30;guardada;;25/07/2026
37;8;190;postulada;;25/07/2026
38;56;196;descartada;salario;25/07/2026
39;4;180;guardada;;26/07/2026
40;2;54;descartada;tarea;26/07/2026
41;32;199;entrevista;;26/07/2026
42;41;210;postulada;;27/07/2026
43;71;51;descartada;salario;27/07/2026
44;38;174;entrevista;;27/07/2026
45;81;47;descartada;empresa;27/07/2026
46;14;50;descartada;sector;27/07/2026
47;80;54;guardada;;27/07/2026
48;54;213;guardada;;27/07/2026
49;62;248;descartada;sector;28/07/2026
50;92;196;descartada;tarea;28/07/2026
51;71;200;descartada;lejos;28/07/2026
52;66;140;guardada;;28/07/2026
53;69;146;descartada;otro;28/07/2026
54;86;218;descartada;salario;29/07/2026
55;51;93;guardada;;29/07/2026
56;40;146;descartada;otro;29/07/2026
57;82;32;descartada;tarea;29/07/2026
58;73;51;descartada;otro;29/07/2026
59;18;177;descartada;lejos;29/07/2026
60;65;41;descartada;tarea;29/07/2026
61;39;57;descartada;salario;29/07/2026
62;9;134;descartada;sector;30/07/2026
63;55;185;descartada;otro;30/07/2026
64;76;47;descartada;salario;30/07/2026
65;1;201;guardada;;30/07/2026
66;23;168;postulada;;31/07/2026
67;98;132;descartada;lejos;31/07/2026
68;88;95;postulada;;31/07/2026
69;87;185;descartada;otro;31/07/2026
70;78;232;descartada;lejos;31/07/2026
71;91;168;descartada;lejos;01/08/2026
72;21;97;guardada;;01/08/2026
73;2;177;guardada;;01/08/2026
74;99;146;descartada;otro;01/08/2026
75;33;14;guardada;;01/08/2026
76;36;100;guardada;;01/08/2026
77;85;223;descartada;otro;01/08/2026
78;19;176;descartada;tarea;01/08/2026
79;41;88;entrevista;;02/08/2026
80;12;174;descartada;sector;02/08/2026
81;88;40;postulada;;02/08/2026
82;52;1;postulada;;02/08/2026
83;25;174;descartada;otro;02/08/2026
84;69;77;descartada;salario;02/08/2026
85;34;91;descartada_por_empresa;;02/08/2026
86;75;96;guardada;;02/08/2026
87;77;36;guardada;;02/08/2026
88;74;200;descartada;tarea;02/08/2026
89;57;245;entrevista;;03/08/2026
90;50;106;descartada;lejos;03/08/2026
91;67;242;descartada;otro;03/08/2026
92;54;185;guardada;;03/08/2026
93;54;10;postulada;;03/08/2026
94;49;96;guardada;;03/08/2026
95;50;88;descartada;tarea;03/08/2026
96;93;148;guardada;;04/08/2026
97;90;91;descartada_por_empresa;;04/08/2026
98;34;219;guardada;;04/08/2026
99;21;3;guardada;;04/08/2026
100;29;42;guardada;;04/08/2026
101;109;237;entrevista;;04/08/2026
102;39;67;guardada;;04/08/2026
103;77;96;descartada;salario;04/08/2026
104;92;28;descartada;empresa;04/08/2026
105;28;168;postulada;;04/08/2026
106;4;3;postulada;;05/08/2026
107;1;211;descartada;lejos;05/08/2026
108;42;64;guardada;;05/08/2026
109;62;117;guardada;;05/08/2026
110;100;75;descartada;salario;05/08/2026
111;88;220;postulada;;05/08/2026
112;61;178;descartada;empresa;05/08/2026
113;34;121;guardada;;05/08/2026
114;64;160;postulada;;05/08/2026
115;78;185;descartada;empresa;05/08/2026
116;61;237;descartada;otro;06/08/2026
117;20;134;descartada;lejos;06/08/2026
118;70;21;descartada;salario;06/08/2026
119;32;229;descartada_por_empresa;;06/08/2026
120;78;86;postulada;;06/08/2026
121;98;230;entrevista;;07/08/2026
122;96;242;postulada;;07/08/2026
123;104;234;descartada_por_empresa;;07/08/2026
124;30;136;guardada;;07/08/2026
125;21;168;descartada_por_empresa;;07/08/2026
126;75;128;guardada;;07/08/2026
127;50;210;descartada;lejos;07/08/2026
128;81;219;guardada;;07/08/2026
129;99;196;guardada;;08/08/2026
130;35;235;postulada;;08/08/2026
131;6;156;descartada;otro;08/08/2026
132;20;219;entrevista;;08/08/2026
133;14;113;postulada;;08/08/2026
134;61;6;descartada;lejos;08/08/2026
135;81;96;entrevista;;09/08/2026
136;81;175;descartada;otro;09/08/2026
137;83;95;descartada;otro;09/08/2026
138;11;54;guardada;;09/08/2026
139;57;191;descartada;tarea;09/08/2026
140;61;235;postulada;;09/08/2026
141;88;182;descartada;lejos;09/08/2026
142;38;15;descartada;salario;09/08/2026
143;113;64;guardada;;09/08/2026
144;82;201;guardada;;09/08/2026
145;88;227;descartada;lejos;09/08/2026
146;73;178;descartada;empresa;09/08/2026
147;55;42;entrevista;;10/08/2026
148;24;141;descartada;lejos;10/08/2026
149;45;215;guardada;;10/08/2026
150;13;117;descartada;tarea;10/08/2026
151;105;126;descartada;otro;10/08/2026
152;84;57;guardada;;10/08/2026
153;79;121;descartada;tarea;10/08/2026
154;59;211;descartada;empresa;10/08/2026
155;100;190;guardada;;10/08/2026
156;57;46;guardada;;11/08/2026
157;95;95;descartada_por_empresa;;11/08/2026
158;7;128;descartada;tarea;11/08/2026
159;36;176;descartada;empresa;11/08/2026
160;80;140;descartada;salario;11/08/2026
161;104;83;entrevista;;12/08/2026
162;68;210;entrevista;;12/08/2026
163;80;92;postulada;;12/08/2026
164;114;198;descartada;lejos;12/08/2026
165;47;153;postulada;;12/08/2026
166;12;79;descartada;tarea;13/08/2026
167;44;147;descartada;empresa;13/08/2026
168;20;138;descartada;lejos;13/08/2026
169;93;1;descartada;salario;13/08/2026
170;45;104;guardada;;13/08/2026
171;5;139;guardada;;13/08/2026
172;6;66;guardada;;14/08/2026
173;108;52;guardada;;14/08/2026
174;102;66;descartada;empresa;14/08/2026
175;76;147;descartada_por_empresa;;14/08/2026
176;112;36;guardada;;14/08/2026
177;75;235;descartada;empresa;14/08/2026
178;105;140;guardada;;14/08/2026
179;42;138;guardada;;14/08/2026
180;14;160;descartada;otro;14/08/2026
181;83;104;descartada;otro;14/08/2026
182;49;175;descartada;lejos;14/08/2026
183;103;149;descartada;sector;15/08/2026
184;68;169;postulada;;15/08/2026
185;32;66;guardada;;15/08/2026
186;87;213;guardada;;15/08/2026
187;2;42;guardada;;16/08/2026
188;27;77;descartada;otro;16/08/2026
189;9;147;descartada;sector;16/08/2026
190;126;86;descartada;lejos;16/08/2026
191;78;175;postulada;;16/08/2026
192;33;116;descartada;tarea;17/08/2026
193;91;134;descartada;lejos;17/08/2026
194;80;77;guardada;;17/08/2026
195;83;27;descartada;sector;17/08/2026
196;72;77;guardada;;18/08/2026
197;98;28;postulada;;18/08/2026
198;114;213;guardada;;18/08/2026
199;105;146;descartada;lejos;18/08/2026
200;106;230;guardada;;18/08/2026
201;47;114;entrevista;;18/08/2026
202;87;132;postulada;;19/08/2026
203;90;117;postulada;;19/08/2026
204;110;132;descartada;otro;19/08/2026
205;10;167;descartada;empresa;19/08/2026
206;25;147;descartada;otro;19/08/2026
207;51;167;descartada;tarea;19/08/2026
208;26;114;descartada;lejos;19/08/2026
209;26;205;guardada;;19/08/2026
210;69;34;postulada;;20/08/2026
211;94;114;guardada;;20/08/2026
212;28;104;guardada;;20/08/2026
213;133;66;descartada;otro;20/08/2026
214;111;109;descartada;sector;20/08/2026
215;67;175;guardada;;20/08/2026
216;114;229;descartada;lejos;20/08/2026
217;109;137;descartada;empresa;20/08/2026
218;118;12;guardada;;20/08/2026
219;117;35;guardada;;21/08/2026
220;127;229;descartada;otro;22/08/2026
221;82;13;descartada;lejos;22/08/2026
222;52;102;entrevista;;22/08/2026
223;70;139;postulada;;22/08/2026
224;90;16;guardada;;22/08/2026
225;102;153;entrevista;;22/08/2026
226;92;44;guardada;;22/08/2026
227;45;205;descartada_por_empresa;;23/08/2026
228;80;13;postulada;;23/08/2026
229;114;28;guardada;;23/08/2026
230;16;167;descartada;salario;23/08/2026
231;65;16;entrevista;;23/08/2026
232;63;109;guardada;;23/08/2026
233;10;23;descartada;salario;24/08/2026
234;95;13;postulada;;24/08/2026
235;99;169;guardada;;24/08/2026
236;29;208;postulada;;24/08/2026
237;138;212;postulada;;24/08/2026
238;47;42;postulada;;24/08/2026
239;111;37;guardada;;25/08/2026
240;126;124;guardada;;25/08/2026
241;126;109;descartada;tarea;25/08/2026
242;96;35;descartada;lejos;25/08/2026
243;53;23;descartada;salario;26/08/2026
244;26;131;descartada;otro;26/08/2026
245;111;90;descartada;sector;26/08/2026
246;126;15;guardada;;26/08/2026
247;129;93;postulada;;27/08/2026
248;113;28;entrevista;;27/08/2026
249;97;116;guardada;;27/08/2026
250;72;109;descartada;sector;27/08/2026
251;39;228;descartada;empresa;27/08/2026
252;126;138;descartada;empresa;27/08/2026
253;114;96;entrevista;;28/08/2026
254;24;38;postulada;;28/08/2026
255;151;83;entrevista;;28/08/2026
256;139;186;guardada;;28/08/2026
257;102;178;descartada;tarea;28/08/2026
258;30;205;guardada;;28/08/2026
259;134;208;postulada;;28/08/2026
260;18;186;guardada;;28/08/2026
261;24;228;postulada;;29/08/2026
262;140;111;descartada;sector;29/08/2026
263;130;234;descartada;sector;29/08/2026
264;145;131;descartada;otro;29/08/2026
265;23;139;guardada;;29/08/2026
266;121;109;descartada;empresa;29/08/2026
267;28;72;descartada;lejos;29/08/2026
268;124;15;postulada;;30/08/2026
269;113;11;postulada;;30/08/2026
270;52;72;descartada;salario;30/08/2026
271;135;59;descartada;empresa;30/08/2026
272;121;31;postulada;;30/08/2026
273;155;84;guardada;;30/08/2026
274;144;52;descartada;lejos;30/08/2026
275;141;29;postulada;;31/08/2026
276;129;52;descartada_por_empresa;;31/08/2026
277;119;106;guardada;;31/08/2026
278;7;116;descartada;sector;31/08/2026
279;75;122;descartada;otro;31/08/2026
280;16;228;postulada;;31/08/2026
281;31;154;guardada;;31/08/2026
282;21;13;descartada;salario;31/08/2026
283;146;52;descartada;sector;31/08/2026
284;116;126;guardada;;31/08/2026
285;126;14;guardada;;31/08/2026
286;5;109;guardada;;31/08/2026
287;149;77;oferta;;01/09/2026
288;145;187;guardada;;01/09/2026
289;129;133;postulada;;01/09/2026
290;144;4;descartada;sector;01/09/2026
291;117;193;descartada;salario;01/09/2026
292;63;131;postulada;;01/09/2026
293;3;13;descartada;empresa;01/09/2026
294;127;213;descartada;sector;02/09/2026
295;117;94;descartada;lejos;02/09/2026
296;120;29;guardada;;02/09/2026
297;121;224;guardada;;02/09/2026
298;126;3;guardada;;02/09/2026
299;127;4;guardada;;02/09/2026
300;67;84;guardada;;02/09/2026
301;150;138;guardada;;02/09/2026
302;102;13;guardada;;03/09/2026
303;143;114;postulada;;03/09/2026
304;126;193;guardada;;03/09/2026
305;153;185;guardada;;03/09/2026
306;53;72;descartada;salario;03/09/2026
307;144;94;descartada;sector;03/09/2026
308;125;193;descartada_por_empresa;;03/09/2026
309;119;213;entrevista;;04/09/2026
310;146;114;entrevista;;04/09/2026
311;102;72;descartada;empresa;04/09/2026
312;109;108;guardada;;04/09/2026
313;130;149;guardada;;04/09/2026
314;21;154;descartada;lejos;04/09/2026
315;27;72;descartada;otro;04/09/2026
316;141;169;descartada_por_empresa;;04/09/2026
317;12;188;descartada;sector;04/09/2026
318;128;27;descartada;empresa;04/09/2026
319;129;141;postulada;;05/09/2026
320;145;146;descartada;salario;05/09/2026
321;145;64;guardada;;05/09/2026
322;3;38;guardada;;05/09/2026
323;136;45;descartada;empresa;05/09/2026
324;107;167;guardada;;05/09/2026
325;41;155;descartada;empresa;05/09/2026
326;119;32;postulada;;05/09/2026
327;43;39;postulada;;06/09/2026
328;158;241;oferta;;06/09/2026
329;98;162;guardada;;06/09/2026
330;136;204;guardada;;06/09/2026
331;139;14;postulada;;06/09/2026
332;101;228;postulada;;07/09/2026
333;161;116;descartada;otro;07/09/2026
334;154;16;descartada;tarea;07/09/2026
335;33;112;postulada;;07/09/2026
336;97;114;postulada;;07/09/2026
337;114;161;descartada;lejos;07/09/2026
338;142;117;guardada;;07/09/2026
339;123;140;guardada;;07/09/2026
340;126;212;descartada;tarea;07/09/2026
341;19;167;postulada;;07/09/2026
342;155;94;postulada;;08/09/2026
343;168;35;guardada;;08/09/2026
344;158;212;postulada;;08/09/2026
345;137;97;postulada;;08/09/2026
346;22;72;guardada;;08/09/2026
347;154;84;postulada;;08/09/2026
348;152;198;guardada;;08/09/2026
349;155;95;guardada;;08/09/2026
350;160;27;descartada;lejos;09/09/2026
351;44;204;descartada_por_empresa;;09/09/2026
352;146;194;descartada;salario;09/09/2026
353;134;94;guardada;;09/09/2026
354;106;181;postulada;;09/09/2026
355;9;94;descartada;otro;10/09/2026
356;121;241;descartada;tarea;10/09/2026
357;46;17;descartada;lejos;10/09/2026
358;23;194;entrevista;;10/09/2026
359;140;59;descartada;lejos;10/09/2026
360;155;134;descartada;salario;10/09/2026
361;165;122;descartada;sector;10/09/2026
362;161;162;entrevista;;11/09/2026
363;172;90;descartada;empresa;11/09/2026
364;161;151;descartada;otro;11/09/2026
365;158;121;descartada;tarea;11/09/2026
366;123;135;postulada;;11/09/2026
367;143;174;descartada;sector;11/09/2026
368;55;221;postulada;;11/09/2026
369;51;38;descartada;tarea;11/09/2026
370;154;215;descartada_por_empresa;;12/09/2026
371;2;188;descartada;otro;12/09/2026
372;131;159;descartada;empresa;12/09/2026
373;146;36;postulada;;12/09/2026
374;80;39;descartada;tarea;12/09/2026
375;141;94;descartada;lejos;13/09/2026
376;151;94;descartada;otro;13/09/2026
377;122;19;descartada;salario;13/09/2026
378;141;222;guardada;;13/09/2026
379;164;176;postulada;;13/09/2026
380;177;17;guardada;;13/09/2026
381;77;159;guardada;;13/09/2026
382;140;128;postulada;;13/09/2026
383;30;150;descartada;tarea;13/09/2026
384;11;197;guardada;;13/09/2026
385;181;202;oferta;;14/09/2026
386;166;243;descartada;empresa;14/09/2026
387;167;116;guardada;;14/09/2026
388;157;57;postulada;;15/09/2026
389;90;26;descartada;salario;15/09/2026
390;170;170;descartada;otro;15/09/2026
391;131;183;guardada;;15/09/2026
392;120;55;descartada;sector;15/09/2026
393;145;19;guardada;;15/09/2026
394;160;6;descartada;tarea;15/09/2026
395;134;108;guardada;;15/09/2026
396;171;55;descartada;empresa;15/09/2026
397;10;105;descartada;otro;15/09/2026
398;146;179;descartada;lejos;15/09/2026
399;121;202;postulada;;16/09/2026
400;62;58;descartada;sector;16/09/2026
401;73;197;postulada;;16/09/2026
402;157;203;descartada;salario;16/09/2026
403;160;229;descartada;sector;16/09/2026
404;56;49;guardada;;16/09/2026
405;161;73;guardada;;16/09/2026
406;162;188;guardada;;16/09/2026
407;48;133;entrevista;;17/09/2026
408;169;127;guardada;;17/09/2026
409;175;98;descartada;lejos;17/09/2026
410;180;193;entrevista;;17/09/2026
411;135;164;guardada;;17/09/2026
412;170;198;guardada;;17/09/2026
413;169;140;descartada;lejos;17/09/2026
414;165;133;guardada;;17/09/2026
415;152;229;postulada;;17/09/2026
416;151;52;descartada;salario;17/09/2026
417;180;62;descartada_por_empresa;;18/09/2026
418;181;96;descartada;lejos;18/09/2026
419;164;67;guardada;;18/09/2026
420;171;70;postulada;;18/09/2026
421;133;153;descartada;lejos;18/09/2026
422;115;171;descartada;sector;18/09/2026
423;130;78;descartada;tarea;18/09/2026
424;89;159;descartada;lejos;18/09/2026
425;149;86;guardada;;18/09/2026
426;148;178;descartada;tarea;18/09/2026
427;131;26;descartada;tarea;18/09/2026
428;167;154;postulada;;18/09/2026
429;151;109;entrevista;;19/09/2026
430;77;133;descartada;empresa;19/09/2026
431;183;87;guardada;;19/09/2026
432;121;170;descartada;tarea;19/09/2026
433;142;164;descartada;salario;19/09/2026
434;62;82;descartada;otro;19/09/2026
435;23;65;postulada;;19/09/2026
436;118;204;descartada;empresa;19/09/2026
437;166;150;descartada_por_empresa;;19/09/2026
438;11;78;descartada_por_empresa;;19/09/2026
439;122;78;descartada;empresa;19/09/2026
440;18;159;descartada;empresa;19/09/2026
441;101;135;guardada;;19/09/2026
442;114;159;descartada_por_empresa;;19/09/2026
443;68;133;oferta;;20/09/2026
444;183;222;postulada;;20/09/2026
445;161;20;guardada;;20/09/2026
446;172;192;descartada;lejos;20/09/2026
447;143;159;descartada;sector;20/09/2026
448;146;174;guardada;;20/09/2026
449;46;202;postulada;;20/09/2026
450;188;217;descartada;salario;20/09/2026
451;182;82;guardada;;20/09/2026
452;53;125;descartada;tarea;20/09/2026
453;156;45;guardada;;20/09/2026
454;126;135;descartada;sector;20/09/2026
455;173;113;guardada;;20/09/2026
456;170;35;descartada;empresa;20/09/2026
457;172;122;descartada;tarea;20/09/2026
458;64;73;descartada;salario;20/09/2026
459;163;97;postulada;;20/09/2026
460;163;71;entrevista;;21/09/2026
461;54;181;entrevista;;21/09/2026
462;99;98;guardada;;21/09/2026
463;168;65;descartada;tarea;21/09/2026
464;190;183;guardada;;21/09/2026
465;15;164;descartada;tarea;21/09/2026
466;24;8;postulada;;21/09/2026
467;181;184;guardada;;21/09/2026
468;40;17;descartada;sector;21/09/2026
469;174;198;postulada;;21/09/2026
470;170;126;descartada;tarea;21/09/2026
471;57;17;descartada;sector;21/09/2026
472;182;197;descartada;empresa;21/09/2026
473;176;4;guardada;;21/09/2026
474;66;135;descartada;salario;21/09/2026
475;192;167;descartada;tarea;21/09/2026
476;178;56;guardada;;21/09/2026
477;19;98;postulada;;22/09/2026
478;175;143;guardada;;22/09/2026
479;196;86;guardada;;22/09/2026
480;161;44;descartada;lejos;22/09/2026
481;158;176;guardada;;22/09/2026
482;57;89;guardada;;22/09/2026
483;177;73;guardada;;22/09/2026
484;182;91;descartada;sector;22/09/2026
485;195;154;descartada;salario;22/09/2026
486;83;89;postulada;;22/09/2026
487;173;150;guardada;;22/09/2026
488;19;145;postulada;;22/09/2026
489;171;44;postulada;;22/09/2026
490;140;198;guardada;;22/09/2026
491;189;137;guardada;;22/09/2026
492;183;233;entrevista;;22/09/2026
493;12;115;descartada_por_empresa;;22/09/2026
494;86;207;postulada;;22/09/2026
495;190;250;guardada;;22/09/2026
496;172;34;postulada;;22/09/2026
497;33;207;postulada;;22/09/2026
498;186;71;entrevista;;23/09/2026
499;176;187;entrevista;;23/09/2026
500;184;211;descartada;lejos;23/09/2026
501;159;164;postulada;;23/09/2026
502;117;105;descartada;empresa;23/09/2026
503;175;37;guardada;;23/09/2026
504;198;91;guardada;;23/09/2026
505;79;179;descartada;empresa;23/09/2026
506;193;122;guardada;;23/09/2026
507;199;9;descartada_por_empresa;;23/09/2026
508;159;2;descartada_por_empresa;;23/09/2026
509;19;125;descartada;otro;23/09/2026
510;178;190;guardada;;23/09/2026
511;199;13;guardada;;23/09/2026
512;173;53;descartada;empresa;23/09/2026
513;175;34;descartada;tarea;23/09/2026
514;196;211;descartada;lejos;23/09/2026
515;172;62;entrevista;;24/09/2026
516;48;73;descartada_por_empresa;;24/09/2026
517;178;154;entrevista;;24/09/2026
518;171;26;descartada;otro;24/09/2026
519;89;43;postulada;;24/09/2026
520;180;207;guardada;;24/09/2026
521;151;170;descartada;sector;24/09/2026
522;21;179;postulada;;24/09/2026
523;197;37;descartada;tarea;24/09/2026
524;165;194;guardada;;24/09/2026
525;188;14;descartada;empresa;24/09/2026
526;194;63;guardada;;24/09/2026
527;163;214;descartada;lejos;24/09/2026
528;199;141;postulada;;24/09/2026
529;41;22;postulada;;24/09/2026
530;156;68;entrevista;;24/09/2026
531;182;19;guardada;;24/09/2026
532;18;18;guardada;;24/09/2026
533;2;179;descartada;salario;24/09/2026
534;134;22;guardada;;24/09/2026
535;197;56;descartada;salario;24/09/2026
536;165;60;guardada;;24/09/2026
537;192;178;descartada;sector;24/09/2026
538;29;214;descartada;otro;24/09/2026
539;177;146;descartada;tarea;24/09/2026
540;27;214;descartada;tarea;24/09/2026
541;124;135;guardada;;24/09/2026
542;189;2;descartada;salario;24/09/2026
543;175;159;guardada;;24/09/2026
544;169;126;guardada;;24/09/2026
545;191;36;descartada;salario;24/09/2026
546;125;22;descartada;lejos;24/09/2026
547;184;69;descartada;lejos;24/09/2026
548;180;58;postulada;;25/09/2026
549;158;18;postulada;;25/09/2026
550;200;82;descartada;empresa;25/09/2026
551;195;73;postulada;;25/09/2026
552;183;102;descartada;empresa;25/09/2026
553;191;211;descartada;salario;25/09/2026
554;5;170;guardada;;25/09/2026
555;191;98;guardada;;25/09/2026
556;66;197;guardada;;25/09/2026
557;199;235;descartada;salario;25/09/2026
558;185;146;descartada;salario;25/09/2026
559;188;194;descartada;salario;25/09/2026
560;42;164;descartada;lejos;25/09/2026
561;190;26;postulada;;25/09/2026
562;135;82;descartada;salario;25/09/2026
563;194;7;guardada;;25/09/2026
564;140;163;descartada;lejos;25/09/2026
565;182;9;descartada;lejos;25/09/2026
566;20;56;descartada;salario;25/09/2026
567;197;224;descartada;sector;25/09/2026
568;183;127;descartada;empresa;25/09/2026
569;164;166;descartada_por_empresa;;25/09/2026
570;162;2;descartada;otro;25/09/2026
571;180;129;guardada;;25/09/2026
572;72;56;guardada;;25/09/2026
573;195;55;descartada;salario;25/09/2026
574;184;222;guardada;;25/09/2026
575;200;100;descartada;sector;25/09/2026
576;21;73;guardada;;25/09/2026
577;55;145;descartada;empresa;25/09/2026
578;53;179;entrevista;;25/09/2026
579;89;19;guardada;;25/09/2026
580;159;89;descartada;empresa;25/09/2026
581;195;135;descartada;empresa;25/09/2026
582;172;68;guardada;;25/09/2026
583;39;65;descartada;salario;25/09/2026
584;175;59;descartada;sector;25/09/2026
585;178;84;descartada;tarea;25/09/2026
586;88;58;descartada;otro;25/09/2026
587;186;112;descartada;salario;25/09/2026
588;176;37;descartada;sector;25/09/2026
589;45;43;postulada;;25/09/2026
590;182;10;descartada;otro;25/09/2026
591;199;181;descartada;empresa;25/09/2026
592;31;2;guardada;;25/09/2026
593;180;60;guardada;;25/09/2026
594;188;224;postulada;;25/09/2026
595;198;44;descartada_por_empresa;;25/09/2026
596;128;166;postulada;;25/09/2026
597;146;22;descartada;lejos;25/09/2026
598;31;214;guardada;;25/09/2026
599;194;98;descartada;tarea;25/09/2026
600;199;178;postulada;;25/09/2026
