usuario;habilidad;nivel
1;1;3
1;16;4
1;17;4
1;18;3
1;19;2
1;22;4
1;24;3
1;27;5
1;37;4
2;13;2
2;14;3
2;23;3
2;38;5
3;18;3
3;29;4
3;32;4
3;33;2
3;45;4
4;18;3
4;23;4
4;27;3
4;31;5
4;32;5
4;46;4
4;53;4
4;59;5
5;1;3
5;2;3
5;9;5
5;17;2
5;18;2
5;19;1
5;31;4
5;35;2
5;43;4
5;57;4
6;16;4
6;17;5
6;24;3
6;26;3
6;27;5
6;31;2
6;40;3
6;41;4
7;11;2
7;15;1
7;17;2
7;18;4
7;22;5
7;23;5
7;33;3
7;36;4
7;42;4
8;3;3
8;14;5
8;18;2
8;29;2
8;35;5
8;41;4
8;42;5
9;16;4
9;23;2
9;27;4
9;37;4
9;41;5
9;42;3
9;46;4
10;16;3
10;18;2
10;21;4
10;24;3
10;41;5
11;11;5
11;15;3
11;17;3
11;23;4
11;26;5
11;44;5
12;17;2
12;18;5
12;22;2
12;29;4
12;32;3
12;33;4
13;17;5
13;18;3
13;25;5
13;28;3
13;29;3
13;31;5
13;32;5
13;52;3
14;14;3
14;15;3
14;18;4
14;23;4
14;34;2
14;44;3
15;22;3
15;30;2
15;32;5
15;33;3
16;16;3
16;18;1
16;24;4
16;25;2
16;34;4
16;41;4
16;42;3
16;46;3
17;1;3
17;11;4
17;16;3
17;17;3
17;26;4
17;31;3
17;36;5
17;41;4
17;48;2
18;8;1
18;17;3
18;18;4
18;23;4
18;28;4
18;30;5
18;38;5
19;15;2
19;17;5
19;33;4
19;35;4
19;37;3
19;38;2
20;2;2
20;11;4
20;18;3
20;24;2
20;37;3
20;44;5
21;15;5
21;18;3
21;21;3
21;27;5
21;28;2
21;30;5
21;33;4
21;38;3
22;11;3
22;14;2
22;18;2
22;22;5
22;23;3
22;33;3
22;44;5
22;46;3
23;7;3
23;12;3
23;14;3
23;15;4
23;17;4
23;18;3
23;28;3
23;33;4
23;34;2
24;17;2
24;18;3
24;22;2
24;26;5
24;27;2
24;29;5
24;32;4
25;18;3
25;23;5
25;24;3
25;28;4
25;29;3
25;32;3
25;53;5
26;2;4
26;11;3
26;17;2
26;20;2
26;24;2
26;26;5
26;35;3
26;46;3
27;17;5
27;18;3
27;28;3
27;29;5
27;31;3
27;40;3
27;47;3
27;51;4
28;11;4
28;14;3
28;17;3
28;18;4
28;21;5
28;36;4
28;38;3
28;42;2
28;46;5
29;8;3
29;18;1
29;28;4
29;34;5
29;42;5
29;43;3
29;56;5
30;1;2
30;2;3
30;12;1
30;16;5
30;18;3
30;24;3
30;26;3
30;33;5
30;42;4
30;43;4
31;13;4
31;14;5
31;18;4
31;25;3
31;27;4
31;28;4
31;31;3
31;59;3
32;16;4
32;17;5
32;18;2
32;23;3
32;24;5
32;25;5
32;41;2
33;3;2
33;16;2
33;17;2
33;24;2
33;36;5
33;37;4
33;41;5
34;5;1
34;12;4
34;24;5
34;37;5
34;38;2
34;59;4
35;12;3
35;14;2
35;18;5
35;20;2
35;26;5
35;28;5
35;37;4
35;38;3
36;16;4
36;21;2
36;22;3
36;41;2
36;46;3
37;7;4
37;11;4
37;15;4
37;18;3
37;27;2
37;29;5
37;36;2
37;41;5
38;18;2
38;22;2
38;26;3
38;29;3
38;33;4
38;42;3
39;11;2
39;15;5
39;18;2
39;19;1
39;26;3
39;30;4
39;35;4
39;40;4
39;46;3
40;22;4
40;24;3
40;31;5
40;33;2
40;35;2
40;39;4
40;42;5
41;11;2
41;18;2
41;26;5
41;29;3
41;35;2
41;41;3
41;44;4
42;12;4
42;32;4
42;37;5
42;38;4
42;41;2
43;2;4
43;17;5
43;18;3
43;23;2
43;24;5
43;32;4
43;39;2
43;41;3
43;53;2
44;16;3
44;18;3
44;24;2
44;32;3
44;41;5
45;4;3
45;8;4
45;9;2
45;15;1
45;16;2
45;17;3
45;18;3
45;25;5
45;30;5
45;57;3
46;16;2
46;17;3
46;18;1
46;24;5
46;41;2
46;42;2
46;46;5
47;17;4
47;18;4
47;22;3
47;30;4
47;31;2
47;32;5
47;39;4
47;47;3
48;6;2
48;18;3
48;41;2
48;42;2
48;43;4
49;1;5
49;2;5
49;3;2
49;9;3
49;17;4
49;34;4
49;36;2
49;39;5
49;57;4
50;16;3
50;18;3
50;22;2
50;40;3
50;41;3
50;42;4
50;46;5
51;14;3
51;17;3
51;32;2
51;49;3
51;51;3
51;52;5
51;60;3
52;11;3
52;17;3
52;18;3
52;19;2
52;22;3
52;23;4
52;24;2
52;31;3
52;34;5
53;17;2
53;29;4
53;33;4
53;34;5
53;50;3
53;60;2
54;9;2
54;17;4
54;18;3
54;23;4
54;28;3
54;37;5
54;56;5
55;15;4
55;17;5
55;22;4
55;27;4
55;33;4
56;11;4
56;15;3
56;17;3
56;18;4
56;29;3
56;41;4
56;44;4
57;1;4
57;11;5
57;23;4
57;40;4
57;43;4
58;1;3
58;2;4
58;6;2
58;17;5
58;18;2
58;23;3
58;25;5
58;42;3
58;57;2
58;59;4
59;18;4
59;22;5
59;31;4
59;32;3
59;33;4
59;39;4
59;40;5
60;17;4
60;18;3
60;22;4
60;29;3
60;32;5
60;33;4
60;34;3
61;13;4
61;17;3
61;18;2
61;21;5
61;33;5
61;38;3
61;45;3
61;47;3
61;53;2
62;11;4
62;17;3
62;18;4
62;19;1
62;22;2
62;28;3
62;31;1
62;34;4
62;45;5
63;2;5
63;3;3
63;16;4
63;17;4
63;37;1
63;40;3
64;23;5
64;32;3
64;39;4
64;50;3
64;51;3
64;60;4
65;2;3
65;7;4
65;18;2
65;19;2
65;21;2
65;35;4
65;36;4
65;53;2
65;57;3
66;18;1
66;19;3
66;23;3
66;28;4
66;31;5
66;32;3
66;36;4
66;38;5
66;46;4
67;6;2
67;18;1
67;24;4
67;32;2
67;34;2
67;40;3
67;43;5
68;15;2
68;17;4
68;18;3
68;23;3
68;30;4
68;33;5
68;44;2
68;45;3
68;53;4
69;17;4
69;18;3
69;19;1
69;32;5
69;33;3
69;34;3
69;37;2
69;49;3
69;50;2
69;52;3
69;53;1
70;1;3
70;18;3
70;22;4
70;24;2
70;40;3
70;42;4
70;43;5
71;17;3
71;18;5
71;22;5
71;33;5
71;37;2
71;40;5
71;46;3
71;47;4
71;51;2
72;8;1
72;11;4
72;16;3
72;18;5
72;28;3
72;40;3
72;43;3
72;44;3
73;11;4
73;17;5
73;18;3
73;34;3
73;35;4
73;38;4
73;41;2
73;44;4
74;1;4
74;4;2
74;9;5
74;17;4
74;18;3
74;27;2
74;30;2
74;34;3
74;56;3
74;57;2
75;23;2
75;32;3
75;34;2
75;43;3
75;44;3
75;46;3
76;15;2
76;17;2
76;27;3
76;29;2
76;31;5
76;38;2
76;47;3
77;6;4
77;11;4
77;17;5
77;18;4
77;24;4
77;31;4
78;11;4
78;18;5
78;19;3
78;22;3
78;23;4
78;41;2
78;51;2
79;17;5
79;18;3
79;22;3
79;23;4
79;32;4
79;37;2
79;56;3
79;59;4
80;17;2
80;18;3
80;22;5
80;29;2
80;31;5
80;32;4
80;45;3
81;11;4
81;18;3
81;22;4
81;23;2
81;27;2
81;42;3
82;11;2
82;18;3
82;19;3
82;22;4
82;23;3
82;30;5
82;33;4
82;42;4
82;46;4
83;5;1
83;11;4
83;17;5
83;18;3
83;22;4
83;23;3
83;41;4
83;43;4
83;46;5
84;2;2
84;3;4
84;8;4
84;17;3
84;25;2
84;29;4
84;33;3
84;40;3
84;56;4
85;1;5
85;3;5
85;16;3
85;17;4
85;18;2
85;41;4
85;42;2
85;43;5
86;17;2
86;18;4
86;32;5
86;33;4
86;41;4
86;45;3
87;7;3
87;18;2
87;25;4
87;36;4
87;42;4
87;44;3
87;46;3
88;17;3
88;23;3
88;29;5
88;31;3
88;34;4
88;38;4
88;45;2
88;47;4
88;59;4
89;17;5
89;18;2
89;32;5
89;42;4
89;56;3
89;57;4
90;12;2
90;22;5
90;23;5
90;28;5
90;29;3
90;33;5
90;46;3
91;13;3
91;18;4
91;29;5
91;30;3
91;34;3
91;39;5
91;46;4
92;2;2
92;16;3
92;18;3
92;25;2
92;42;4
92;43;3
92;58;1
93;13;2
93;17;5
93;21;5
93;28;2
93;31;4
93;37;2
93;38;4
93;40;4
93;46;4
94;17;4
94;26;4
94;29;2
94;32;4
94;33;3
94;38;4
94;49;2
94;51;3
94;60;3
95;18;2
95;22;3
95;28;4
95;29;3
95;32;3
95;33;4
95;40;3
95;45;2
96;7;4
96;11;5
96;18;2
96;22;3
96;25;3
96;41;4
96;44;5
97;12;4
97;17;4
97;18;5
97;22;2
97;26;3
97;30;3
97;39;5
97;45;5
97;53;3
97;59;3
98;12;2
98;18;3
98;23;4
98;37;5
98;38;3
98;46;4
99;12;4
99;17;4
99;18;3
99;19;4
99;22;2
99;28;2
99;32;3
99;37;2
100;9;2
100;17;2
100;18;4
100;20;1
100;31;3
100;37;5
100;46;5
100;53;4
101;3;1
101;17;3
101;18;1
101;22;3
101;27;4
101;29;3
101;45;4
102;17;3
102;18;1
102;32;3
102;33;3
102;35;3
102;51;3
102;52;4
103;11;2
103;15;4
103;17;2
103;22;3
103;29;3
103;35;4
103;41;3
104;3;5
104;17;4
104;18;2
104;27;4
104;35;3
104;36;2
104;42;4
105;17;2
105;22;4
105;23;3
105;29;3
105;33;5
106;13;2
106;14;2
106;17;4
106;18;4
106;22;4
106;23;4
106;28;3
106;29;3
106;35;3
107;17;5
107;18;3
107;22;3
107;30;3
107;32;4
107;33;2
107;38;4
108;12;4
108;13;4
108;15;4
108;21;3
108;25;4
108;28;4
108;46;4
109;17;4
109;18;3
109;24;2
109;27;4
109;28;5
109;32;5
109;47;3
109;53;3
110;3;3
110;8;5
110;17;4
110;18;2
110;21;3
110;28;4
110;32;5
110;43;4
110;57;4
111;17;3
111;18;4
111;22;5
111;25;5
111;26;5
111;32;4
111;33;3
112;12;3
112;17;4
112;18;4
112;20;4
112;23;3
112;45;3
112;46;5
112;47;3
113;9;4
113;17;3
113;18;3
113;21;2
113;24;4
113;31;2
113;32;5
114;18;3
114;20;2
114;23;2
114;24;2
114;27;3
114;39;4
114;43;4
114;59;4
115;18;1
115;22;2
115;26;3
115;27;4
115;32;4
115;33;3
116;12;4
116;17;2
116;20;4
116;29;2
116;31;2
116;36;4
117;12;2
117;17;2
117;18;3
117;20;2
117;21;4
117;29;4
117;30;4
117;31;4
118;1;3
118;3;3
118;4;3
118;8;4
118;17;3
118;18;4
118;19;1
118;30;5
119;14;2
119;17;3
119;18;3
119;19;3
119;27;5
119;32;5
119;33;4
119;34;4
119;35;3
119;37;5
119;46;2
120;11;3
120;18;4
120;22;2
120;25;5
120;27;2
120;29;3
120;53;3
121;1;3
121;2;3
121;17;4
121;18;3
121;22;5
121;34;4
121;43;4
122;1;3
122;3;4
122;8;4
122;9;3
122;17;2
122;18;1
122;32;2
122;56;5
123;14;2
123;17;2
123;19;4
123;26;2
123;28;4
123;31;2
123;46;2
123;47;5
124;7;3
124;9;3
124;18;3
124;29;2
124;33;2
124;41;2
124;45;3
124;57;2
125;17;5
125;18;5
125;28;5
125;29;5
125;31;3
125;42;4
125;45;3
125;53;4
126;3;5
126;5;1
126;9;3
126;17;2
126;18;1
126;24;3
126;28;2
126;29;2
126;35;2
126;37;3
127;11;4
127;15;2
127;17;2
127;18;3
127;27;3
127;28;2
127;29;3
127;41;3
127;44;4
128;17;4
128;18;3
128;22;3
128;27;4
128;28;5
128;29;4
128;38;3
128;40;2
128;46;5
129;15;5
129;17;3
129;18;3
129;27;4
129;33;4
129;46;4
130;1;4
130;17;4
130;18;2
130;24;5
130;30;3
130;31;4
130;36;3
130;43;5
130;44;2
130;46;4
131;9;4
131;16;3
131;17;4
131;28;1
131;29;5
131;33;4
131;43;3
132;18;3
132;22;2
132;31;3
132;32;4
132;33;3
133;1;4
133;18;2
133;33;3
133;35;4
133;41;4
133;42;5
133;43;4
134;13;5
134;14;3
134;17;2
134;28;2
134;31;2
134;33;5
134;36;4
134;37;3
135;7;2
135;11;3
135;15;5
135;17;4
135;29;5
135;40;4
135;41;3
136;14;3
136;15;5
136;17;3
136;18;1
136;26;3
136;46;3
136;47;3
137;2;3
137;11;4
137;17;2
137;18;2
137;23;3
137;32;4
137;33;4
137;43;3
138;3;1
138;16;3
138;17;3
138;18;2
138;29;5
138;36;2
138;41;4
138;42;4
138;46;4
139;1;2
139;16;3
139;17;4
139;18;4
139;24;4
139;34;4
139;41;5
139;44;4
140;2;3
140;3;3
140;9;4
140;17;3
140;18;3
140;20;3
140;34;3
140;40;5
140;42;3
141;17;3
141;18;4
141;31;4
141;35;3
141;38;2
141;46;2
141;52;3
141;53;2
142;6;4
142;18;1
142;22;4
142;27;4
142;28;4
142;30;2
142;38;2
143;6;3
143;18;1
143;23;5
143;27;5
143;43;3
143;59;5
144;3;4
144;4;3
144;8;3
144;17;2
144;18;4
144;25;4
144;34;4
144;39;3
144;42;4
144;56;4
145;11;4
145;12;5
145;14;3
145;17;2
145;18;4
145;22;5
145;34;2
145;37;3
145;39;2
146;12;4
146;18;2
146;22;5
146;24;2
146;27;2
146;29;4
146;42;4
146;45;4
146;46;4
147;17;3
147;18;3
147;31;3
147;32;5
147;49;2
147;51;4
147;60;4
148;2;4
148;3;3
148;16;4
148;17;4
148;22;4
148;24;4
148;56;4
148;57;3
149;17;4
149;18;2
149;19;3
149;29;2
149;33;3
149;35;4
149;37;4
149;47;4
149;49;3
149;51;3
150;17;3
150;18;3
150;20;3
150;22;4
150;25;5
150;27;4
150;29;4
150;41;3
150;42;4
151;3;3
151;9;3
151;17;4
151;25;2
151;36;3
151;39;4
151;42;3
151;56;4
152;11;4
152;17;4
152;18;5
152;21;3
152;28;4
152;32;5
152;35;4
152;42;4
153;3;4
153;8;4
153;14;3
153;17;4
153;18;3
153;19;1
153;21;2
153;28;3
153;34;5
153;56;5
154;11;5
154;17;4
154;18;1
154;21;4
154;22;5
154;23;3
154;33;3
154;42;2
154;53;4
155;1;2
155;2;4
155;3;4
155;9;4
155;18;2
155;27;2
155;29;3
156;7;4
156;11;5
156;15;3
156;18;2
156;27;2
156;29;3
156;44;4
157;17;4
157;18;5
157;24;4
157;29;3
157;32;4
157;33;2
157;39;5
157;42;4
158;11;4
158;18;2
158;22;4
158;26;4
158;27;4
158;29;5
158;33;3
159;12;3
159;18;3
159;19;3
159;22;5
159;23;4
159;28;2
159;35;4
159;37;4
160;18;3
160;30;5
160;49;3
160;50;4
160;51;3
161;28;2
161;29;4
161;37;5
161;42;3
162;17;2
162;18;3
162;23;3
162;25;4
162;32;4
162;33;2
162;38;3
162;49;4
162;51;3
162;52;3
163;5;2
163;17;4
163;21;4
163;24;5
163;29;4
163;42;2
163;46;3
164;12;3
164;13;2
164;18;4
164;20;2
164;21;4
164;29;3
164;37;3
165;18;4
165;21;4
165;23;5
165;27;3
165;28;3
165;35;4
165;36;5
165;47;3
166;19;2
166;21;3
166;32;3
166;35;3
166;49;4
166;51;4
167;18;4
167;22;5
167;27;5
167;33;3
167;35;3
167;42;5
168;11;5
168;15;4
168;17;2
168;18;3
168;20;1
168;29;4
168;37;4
168;44;3
169;12;4
169;18;3
169;19;4
169;27;5
169;32;2
169;33;2
169;43;3
169;47;2
169;48;3
170;2;5
170;11;5
170;17;3
170;22;2
170;23;4
170;26;2
170;28;1
170;37;5
170;39;3
170;44;3
171;17;2
171;18;2
171;31;5
171;32;2
171;33;3
171;35;4
171;50;5
171;51;2
172;14;3
172;17;3
172;18;3
172;20;4
172;22;4
172;28;2
172;29;2
172;35;3
172;37;3
172;53;2
172;57;2
173;17;3
173;18;2
173;21;4
173;32;4
173;33;5
173;35;5
173;49;4
173;50;4
173;51;2
174;4;4
174;8;3
174;16;4
174;31;3
175;16;3
175;24;2
175;32;4
175;36;5
175;41;3
176;1;4
176;4;5
176;9;4
176;17;3
176;18;4
176;22;5
176;23;4
176;29;4
177;11;2
177;17;3
177;18;3
177;23;4
177;24;5
177;33;3
177;43;3
178;15;2
178;18;4
178;21;4
178;22;3
178;28;4
178;36;5
178;41;3
178;46;3
178;47;3
179;17;2
179;18;4
179;20;3
179;23;3
179;26;2
179;27;5
179;35;3
179;44;3
180;11;3
180;18;3
180;22;3
180;27;4
180;33;5
180;39;5
180;41;3
180;45;4
181;17;2
181;18;3
181;22;5
181;28;5
181;29;3
181;31;4
181;41;3
181;50;4
181;52;3
181;57;2
182;2;4
182;11;4
182;18;4
182;20;4
182;40;2
182;41;3
182;42;5
182;43;3
182;44;2
183;17;3
183;18;5
183;21;4
183;25;2
183;29;3
183;31;3
183;45;3
184;19;4
184;32;3
184;33;3
184;35;3
184;49;2
184;51;4
184;52;3
185;3;3
185;4;4
185;9;3
185;17;3
185;18;3
185;26;3
185;32;3
185;43;4
186;14;4
186;15;3
186;18;1
186;35;4
186;41;5
186;44;3
187;16;4
187;17;3
187;18;4
187;24;4
187;41;3
187;42;4
187;46;4
188;1;2
188;2;3
188;3;4
188;18;2
188;20;4
188;25;4
188;32;3
188;36;2
189;17;4
189;18;2
189;23;5
189;32;4
189;33;4
189;52;4
189;60;4
190;6;5
190;11;4
190;12;3
190;17;5
190;35;2
190;47;3
191;18;3
191;27;3
191;28;3
191;29;3
191;34;4
191;51;3
192;18;3
192;27;5
192;28;4
192;29;3
192;33;4
192;37;1
192;60;4
193;18;4
193;27;3
193;33;3
193;40;5
193;42;4
193;59;2
194;17;5
194;18;3
194;24;3
194;38;2
194;41;4
194;42;4
194;46;3
195;6;3
195;11;4
195;17;4
195;18;4
195;20;1
195;29;5
195;41;4
196;17;3
196;22;3
196;32;3
196;33;3
196;35;2
197;2;2
197;18;4
197;22;3
197;26;2
197;29;4
197;32;4
198;17;2
198;18;1
198;25;3
198;31;3
198;33;3
198;49;3
199;14;2
199;18;2
199;27;5
199;29;3
199;35;4
200;2;2
200;4;4
200;8;2
200;17;3
200;18;4
200;21;2
200;25;5
200;34;2
