id;nombre;email;ciudad;titulacion;estado_verificacion;recomendado_por;visibilidad;fecha_alta;consentimiento_fecha;cv_texto
1;Diego Olano;diego.olano@yahoo.es;Ordizia;Economía;sin_verificar;;-1;01/06/2026;01/06/2026;Diego Olano. Titulación: Economía. Reside en Ordizia. Prácticas o menos de un año de experiencia. Habilidades: Python (3), Análisis estadístico (4). Idiomas: Euskera (4), Inglés (3), Francés (2). Competencias: Pensamiento crítico, Comunicación, Organización, Trabajo bajo presión.
2;Hugo Pérez;hugo.perez@gmail.com;Legazpi;FP Grado Medio;sin_verificar;;-1;02/06/2026;02/06/2026;Hugo Pérez. Titulación: FP Grado Medio. Reside en Legazpi. Entre uno y dos años de experiencia. Habilidades: Soldadura (2), Mecanizado CNC (3). Idiomas: no declara. Competencias: Resolución de problemas, Vocación de servicio.
3;Carlos Rojas;carlos.rojas@gmail.com;Pasaia;Psicología;verificado;;0;02/06/2026;02/06/2026;Carlos Rojas. Titulación: Psicología. Reside en Pasaia. Sin experiencia laboral. Habilidades: Microsoft Office (4). Idiomas: Inglés (3). Competencias: Negociación, Empatía, Creatividad.
4;Paula Aizpurua;paula.aizpurua@hotmail.com;Bergara;FP Grado Superior;verificado;;-1;03/06/2026;03/06/2026;Paula Aizpurua. Titulación: FP Grado Superior. Reside en Bergara. Entre uno y dos años de experiencia. Habilidades: QuickBooks (5), Odoo (4), SAP (4). Idiomas: Inglés (3). Competencias: Creatividad, Orientación a resultados, Organización, Resolución de problemas.
5;Sara Aizpurua;sara.aizpurua@outlook.es;Donostia;Ingeniería Informática;sin_verificar;;0;04/06/2026;04/06/2026;Sara Aizpurua. Titulación: Ingeniería Informática. Reside en Donostia. Más de cinco años de experiencia. Habilidades: Power BI (4), Ciberseguridad (5), SQL (3), Python (3), Docker (4). Idiomas: Euskera (2), Inglés (2), Francés (1). Competencias: Autonomía, Orientación a resultados.
6;Hugo Otegi;hugo.otegi@gmail.com;Hondarribia;Biología;sin_verificar;;-1;04/06/2026;04/06/2026;Hugo Otegi. Titulación: Biología. Reside en Hondarribia. Entre uno y dos años de experiencia. Habilidades: Análisis estadístico (4). Idiomas: Euskera (5). Competencias: Atención al detalle, Pensamiento crítico, Adaptabilidad, Iniciativa, Organización, Orientación a resultados.
7;Unai Ibarguren;unai.ibarguren@outlook.es;Pasaia;Derecho;pendiente;;0;08/06/2026;08/06/2026;Unai Ibarguren. Titulación: Derecho. Reside en Pasaia. Entre tres y cinco años de experiencia. Habilidades: Gestión de proyectos (2), Excel avanzado (4), Prevención de riesgos (1). Idiomas: Euskera (2), Inglés (4). Competencias: Comunicación, Empatía, Flexibilidad, Resolución de problemas.
8;Diego Larrañaga;diego.larranaga@gmail.com;Legazpi;Ingeniería Mecánica;sin_verificar;;0;09/06/2026;09/06/2026;Diego Larrañaga. Titulación: Ingeniería Mecánica. Reside en Legazpi. Prácticas o menos de un año de experiencia. Habilidades: Mecanizado CNC (5), Excel avanzado (5), Java (3). Idiomas: Inglés (2). Competencias: Autonomía, Negociación, Atención al detalle.
9;Ioana Mendoza;ioana.mendoza@yahoo.es;Legazpi;Química;verificado;5;-1;09/06/2026;09/06/2026;Ioana Mendoza. Titulación: Química. Reside en Legazpi. Sin experiencia laboral. Habilidades: Excel avanzado (3), SAP (4), Análisis estadístico (4). Idiomas: no declara. Competencias: Atención al detalle, Resolución de problemas, Trabajo bajo presión, Organización.
10;Youssef Sarasola;youssef.sarasola@yahoo.es;Zumarraga;Biología;sin_verificar;;-1;10/06/2026;10/06/2026;Youssef Sarasola. Titulación: Biología. Reside en Zumarraga. Entre tres y cinco años de experiencia. Habilidades: Análisis estadístico (3). Idiomas: Inglés (2). Competencias: Atención al detalle, Pensamiento crítico, Trabajo en equipo.
11;Unai Etxeberria;unai.etxeberria@alumni.tecnun.es;Eibar;Ingeniería Mecánica;verificado;;-1;11/06/2026;11/06/2026;Unai Etxeberria. Titulación: Ingeniería Mecánica. Reside en Eibar. Sin experiencia laboral. Habilidades: Prevención de riesgos (3), AutoCAD (5), Gestión de proyectos (5). Idiomas: Euskera (3). Competencias: Resolución de problemas, Adaptabilidad.
12;Bilal Pérez;bilal.perez@yahoo.es;Donostia;Psicología;pendiente;6;-1;12/06/2026;12/06/2026;Bilal Pérez. Titulación: Psicología. Reside en Donostia. Sin experiencia laboral. Habilidades: no declara. Idiomas: Euskera (2), Inglés (5). Competencias: Empatía, Creatividad, Negociación, Comunicación.
13;Leire Iturriaga;leire.iturriaga@hotmail.com;Bergara;Marketing;sin_verificar;1;-1;13/06/2026;13/06/2026;Leire Iturriaga. Titulación: Marketing. Reside en Bergara. Sin experiencia laboral. Habilidades: Google Analytics (3). Idiomas: Euskera (5), Inglés (3). Competencias: Atención al cliente, Orientación a resultados, Creatividad, Negociación, Liderazgo.
14;Ioana Moreno;ioana.moreno@hotmail.com;Irun;Ingeniería Mecánica;sin_verificar;;-1;14/06/2026;14/06/2026;Ioana Moreno. Titulación: Ingeniería Mecánica. Reside en Irun. Prácticas o menos de un año de experiencia. Habilidades: AutoCAD (3), Mecanizado CNC (3), Prevención de riesgos (3). Idiomas: Inglés (4). Competencias: Resolución de problemas, Gestión del tiempo.
15;Jon Pérez;jon.perez@outlook.es;Oñati;Magisterio;verificado;14;-1;14/06/2026;14/06/2026;Jon Pérez. Titulación: Magisterio. Reside en Oñati. Prácticas o menos de un año de experiencia. Habilidades: no declara. Idiomas: no declara. Competencias: Comunicación, Creatividad, Empatía, Proactividad.
16;Diego Ugarte;diego.ugarte@alumni.tecnun.es;Hernani;Química;verificado;;-1;15/06/2026;15/06/2026;Diego Ugarte. Titulación: Química. Reside en Hernani. Prácticas o menos de un año de experiencia. Habilidades: Excel avanzado (3), SAP (3), Análisis estadístico (3). Idiomas: Inglés (1). Competencias: Atención al detalle, Pensamiento crítico, Liderazgo, Gestión del tiempo.
17;Omar Moreno;omar.moreno@outlook.es;Arrasate;Ingeniería Industrial;verificado;;0;16/06/2026;16/06/2026;Omar Moreno. Titulación: Ingeniería Industrial. Reside en Arrasate. Entre uno y dos años de experiencia. Habilidades: Análisis estadístico (3), Gestión de proyectos (4), Python (3), Jira (2). Idiomas: Euskera (3). Competencias: Atención al detalle, Adaptabilidad, Orientación a resultados, Flexibilidad.
18;Unai Ugarte;unai.ugarte@hotmail.com;Oñati;FP Grado Medio;pendiente;14;-1;16/06/2026;16/06/2026;Unai Ugarte. Titulación: FP Grado Medio. Reside en Oñati. Prácticas o menos de un año de experiencia. Habilidades: Redes (1). Idiomas: Euskera (3), Inglés (4). Competencias: Atención al cliente, Resolución de problemas, Vocación de servicio, Proactividad.
19;Asier Popescu;asier.popescu@gmail.com;Donostia;FP Grado Medio;verificado;;-1;16/06/2026;16/06/2026;Asier Popescu. Titulación: FP Grado Medio. Reside en Donostia. Prácticas o menos de un año de experiencia. Habilidades: Prevención de riesgos (2). Idiomas: Euskera (5). Competencias: Trabajo bajo presión, Vocación de servicio, Autonomía, Empatía.
20;Laura El Amrani;laura.el.amrani@gmail.com;Azpeitia;Ingeniería Industrial;sin_verificar;;-1;16/06/2026;16/06/2026;Laura El Amrani. Titulación: Ingeniería Industrial. Reside en Azpeitia. Entre tres y cinco años de experiencia. Habilidades: SQL (2), Gestión de proyectos (4), AutoCAD (5). Idiomas: Inglés (3). Competencias: Pensamiento crítico, Trabajo bajo presión.
21;Daniel Fernández;daniel.fernandez@gmail.com;Andoain;;sin_verificar;9;-1;17/06/2026;17/06/2026;Daniel Fernández. Sin titulación reglada. Reside en Andoain. Sin experiencia laboral. Habilidades: Prevención de riesgos (5). Idiomas: Inglés (3). Competencias: Atención al cliente, Organización, Trabajo en equipo, Vocación de servicio, Empatía, Proactividad.
22;Aitor Ibarguren;aitor.ibarguren@gmail.com;Donostia;Ingeniería Mecánica;sin_verificar;;-1;17/06/2026;17/06/2026;Aitor Ibarguren. Titulación: Ingeniería Mecánica. Reside en Donostia. Entre uno y dos años de experiencia. Habilidades: Gestión de proyectos (3), SAP (3), Mecanizado CNC (2), AutoCAD (5). Idiomas: Inglés (2). Competencias: Resolución de problemas, Empatía, Comunicación.
23;Nicolás Aizpurua;nicolas.aizpurua@yahoo.es;Irun;FP Grado Medio;verificado;;-1;17/06/2026;17/06/2026;Nicolás Aizpurua. Titulación: FP Grado Medio. Reside en Irun. Entre tres y cinco años de experiencia. Habilidades: Prevención de riesgos (4), Mecanizado CNC (3), Logística (3), Diseño gráfico (3). Idiomas: Euskera (4), Inglés (3). Competencias: Atención al cliente, Gestión del tiempo, Empatía.
24;Youssef Ruiz;youssef.ruiz@gmail.com;Hondarribia;Psicología;verificado;;0;18/06/2026;18/06/2026;Youssef Ruiz. Titulación: Psicología. Reside en Hondarribia. Más de cinco años de experiencia. Habilidades: no declara. Idiomas: Euskera (2), Inglés (3). Competencias: Comunicación, Creatividad, Negociación, Organización, Adaptabilidad.
25;Omar Mendizabal;omar.mendizabal@gmail.com;Irun;ADE;pendiente;;-1;19/06/2026;19/06/2026;Omar Mendizabal. Titulación: ADE. Reside en Irun. Sin experiencia laboral. Habilidades: Odoo (5). Idiomas: Inglés (3). Competencias: Atención al cliente, Negociación, Pensamiento crítico, Creatividad, Resolución de problemas.
26;Camila Vargas;camila.vargas@hotmail.com;Bergara;Ingeniería Industrial;sin_verificar;23;-1;19/06/2026;19/06/2026;Camila Vargas. Titulación: Ingeniería Industrial. Reside en Bergara. Sin experiencia laboral. Habilidades: Gestión de proyectos (3), SAP (3), SQL (4). Idiomas: Euskera (2), Alemán (2). Competencias: Pensamiento crítico, Adaptabilidad, Autonomía.
27;Andrés El Amrani;andres.el.amrani@outlook.es;Arrasate;Marketing;revocado;;-1;19/06/2026;19/06/2026;Andrés El Amrani. Titulación: Marketing. Reside en Arrasate. Sin experiencia laboral. Habilidades: WordPress (4), Salesforce (3). Idiomas: Euskera (5), Inglés (3). Competencias: Negociación, Orientación a resultados, Atención al cliente, Iniciativa.
28;Pablo Pérez;pablo.perez@alumni.tecnun.es;Arrasate;Ingeniería Mecánica;pendiente;;-1;20/06/2026;20/06/2026;Pablo Pérez. Titulación: Ingeniería Mecánica. Reside en Arrasate. Prácticas o menos de un año de experiencia. Habilidades: SAP (5), Excel avanzado (2), Mecanizado CNC (3), Gestión de proyectos (4). Idiomas: Euskera (3), Inglés (4). Competencias: Vocación de servicio, Trabajo en equipo, Flexibilidad.
29;Camila Elizondo;camila.elizondo@gmail.com;Zarautz;Ingeniería Informática;sin_verificar;;-1;20/06/2026;20/06/2026;Camila Elizondo. Titulación: Ingeniería Informática. Reside en Zarautz. Prácticas o menos de un año de experiencia. Habilidades: Git (5), Excel avanzado (5), Power BI (3), Redes (3). Idiomas: Inglés (1). Competencias: Gestión del tiempo, Atención al cliente.
30;Aitor Vargas;aitor.vargas@alumni.tecnun.es;Bergara;Física;verificado;3;-1;21/06/2026;21/06/2026;Aitor Vargas. Titulación: Física. Reside en Bergara. Sin experiencia laboral. Habilidades: Análisis estadístico (5), Power BI (4), Excel avanzado (4), SQL (3), Python (2), Logística (1). Idiomas: Inglés (3). Competencias: Pensamiento crítico, Empatía, Adaptabilidad.
31;Bilal Moreno;bilal.moreno@outlook.es;Donostia;FP Grado Superior;sin_verificar;;0;22/06/2026;22/06/2026;Bilal Moreno. Titulación: FP Grado Superior. Reside en Donostia. Entre uno y dos años de experiencia. Habilidades: Mecanizado CNC (5), Soldadura (4), QuickBooks (3). Idiomas: Inglés (4). Competencias: Atención al cliente, Organización, Orientación a resultados, Liderazgo.
32;Marta Díaz;marta.diaz@gmail.com;Donostia;Biología;verificado;13;0;22/06/2026;22/06/2026;Marta Díaz. Titulación: Biología. Reside en Donostia. Entre uno y dos años de experiencia. Habilidades: Análisis estadístico (4). Idiomas: Euskera (5), Inglés (2). Competencias: Atención al detalle, Pensamiento crítico, Liderazgo, Resolución de problemas.
33;Daniel Herrera;daniel.herrera@yahoo.es;Donostia;Biología;pendiente;;-1;23/06/2026;23/06/2026;Daniel Herrera. Titulación: Biología. Reside en Donostia. Entre uno y dos años de experiencia. Habilidades: Análisis estadístico (2), Java (2). Idiomas: Euskera (2). Competencias: Atención al detalle, Pensamiento crítico, Flexibilidad, Trabajo bajo presión.
34;Ane Vargas;ane.vargas@gmail.com;Azkoitia;ADE;pendiente;16;-1;23/06/2026;23/06/2026;Ane Vargas. Titulación: ADE. Reside en Azkoitia. Prácticas o menos de un año de experiencia. Habilidades: Logística (4), QuickBooks (4), React (1). Idiomas: no declara. Competencias: Pensamiento crítico, Trabajo bajo presión, Vocación de servicio.
35;Bilal Silva;bilal.silva@gmail.com;Legazpi;;sin_verificar;1;-1;23/06/2026;23/06/2026;Bilal Silva. Sin titulación reglada. Reside en Legazpi. Prácticas o menos de un año de experiencia. Habilidades: Mecanizado CNC (2), Logística (3). Idiomas: Inglés (5), Alemán (2). Competencias: Atención al cliente, Vocación de servicio, Trabajo bajo presión, Adaptabilidad.
36;Marta Pérez;marta.perez@alumni.tecnun.es;Azkoitia;Química;verificado;;-1;25/06/2026;25/06/2026;Marta Pérez. Titulación: Química. Reside en Azkoitia. Entre uno y dos años de experiencia. Habilidades: Análisis estadístico (4), SAP (3). Idiomas: no declara. Competencias: Atención al detalle, Trabajo en equipo, Comunicación.
37;Santiago Herrera;santiago.herrera@gmail.com;Irun;Arquitectura;sin_verificar;34;0;26/06/2026;26/06/2026;Santiago Herrera. Titulación: Arquitectura. Reside en Irun. Prácticas o menos de un año de experiencia. Habilidades: Gestión de proyectos (4), Prevención de riesgos (4), Diseño gráfico (4). Idiomas: Inglés (3). Competencias: Negociación, Atención al detalle, Flexibilidad, Organización.
38;Valentina Otegi;valentina.otegi@hotmail.com;Errenteria;Derecho;verificado;;0;27/06/2026;27/06/2026;Valentina Otegi. Titulación: Derecho. Reside en Errenteria. Entre uno y dos años de experiencia. Habilidades: Excel avanzado (3). Idiomas: Inglés (2). Competencias: Negociación, Comunicación, Empatía, Adaptabilidad.
39;Carlos El Amrani;carlos.el.amrani@gmail.com;Eibar;Ingeniería Mecánica;sin_verificar;;0;28/06/2026;28/06/2026;Carlos El Amrani. Titulación: Ingeniería Mecánica. Reside en Eibar. Sin experiencia laboral. Habilidades: Gestión de proyectos (2), Prevención de riesgos (5), SAP (3). Idiomas: Inglés (2), Francés (1). Competencias: Autonomía, Proactividad, Iniciativa, Adaptabilidad.
40;Gorka Goikoetxea;gorka.goikoetxea@outlook.es;Beasain;Derecho;verificado;;-1;28/06/2026;28/06/2026;Gorka Goikoetxea. Titulación: Derecho. Reside en Beasain. Sin experiencia laboral. Habilidades: Excel avanzado (5). Idiomas: no declara. Competencias: Comunicación, Pensamiento crítico, Empatía, Orientación a resultados, Autonomía, Ética profesional.
41;Camila López;camila.lopez@hotmail.com;Donostia;Arquitectura;verificado;;-1;29/06/2026;29/06/2026;Camila López. Titulación: Arquitectura. Reside en Donostia. Prácticas o menos de un año de experiencia. Habilidades: AutoCAD (4), Gestión de proyectos (2). Idiomas: Inglés (2). Competencias: Atención al detalle, Negociación, Autonomía, Adaptabilidad.
42;Laura Olano;laura.olano@hotmail.com;Andoain;;verificado;;-1;29/06/2026;29/06/2026;Laura Olano. Sin titulación reglada. Reside en Andoain. Prácticas o menos de un año de experiencia. Habilidades: Logística (4). Idiomas: no declara. Competencias: Trabajo bajo presión, Vocación de servicio, Creatividad, Atención al detalle.
43;Jon Iturriaga;jon.iturriaga@gmail.com;Irun;FP Grado Superior;sin_verificar;39;-1;30/06/2026;30/06/2026;Jon Iturriaga. Titulación: FP Grado Superior. Reside en Irun. Prácticas o menos de un año de experiencia. Habilidades: Odoo (2), SQL (4). Idiomas: Euskera (5), Inglés (3). Competencias: Atención al detalle, Creatividad, Resolución de problemas, Pensamiento crítico, Ética profesional.
44;Laura Diallo;laura.diallo@yahoo.es;Errenteria;Biología;verificado;;-1;02/07/2026;02/07/2026;Laura Diallo. Titulación: Biología. Reside en Errenteria. Sin experiencia laboral. Habilidades: Análisis estadístico (3). Idiomas: Inglés (3). Competencias: Atención al detalle, Pensamiento crítico, Creatividad.
45;Carlos Ugarte;carlos.ugarte@hotmail.com;Beasain;Ingeniería Informática;sin_verificar;40;-1;02/07/2026;02/07/2026;Carlos Ugarte. Titulación: Ingeniería Informática. Reside en Beasain. Prácticas o menos de un año de experiencia. Habilidades: Análisis estadístico (2), Ciberseguridad (2), Redes (4), JavaScript (3), Docker (3), Prevención de riesgos (1). Idiomas: Euskera (3), Inglés (3). Competencias: Liderazgo, Proactividad.
46;Hugo Herrera;hugo.herrera@alumni.tecnun.es;Lasarte-Oria;Química;revocado;32;0;03/07/2026;03/07/2026;Hugo Herrera. Titulación: Química. Reside en Lasarte-Oria. Entre uno y dos años de experiencia. Habilidades: Excel avanzado (2), Análisis estadístico (2), SAP (5). Idiomas: Euskera (3), Inglés (1). Competencias: Pensamiento crítico, Atención al detalle.
47;Maialen Popescu;maialen.popescu@yahoo.es;Donostia;Marketing;sin_verificar;27;-1;04/07/2026;04/07/2026;Maialen Popescu. Titulación: Marketing. Reside en Donostia. Entre uno y dos años de experiencia. Habilidades: Salesforce (3). Idiomas: Euskera (4), Inglés (4). Competencias: Orientación a resultados, Creatividad, Proactividad, Ética profesional, Comunicación.
48;Kevin Ruiz;kevin.ruiz@yahoo.es;Beasain;ADE;sin_verificar;;-1;04/07/2026;04/07/2026;Kevin Ruiz. Titulación: ADE. Reside en Beasain. Prácticas o menos de un año de experiencia. Habilidades: Contabilidad (2), Power BI (4), Excel avanzado (2). Idiomas: Inglés (3). Competencias: Atención al detalle.
49;Gorka Moreno;gorka.moreno@alumni.tecnun.es;Tolosa;Telecomunicaciones;verificado;;0;04/07/2026;04/07/2026;Gorka Moreno. Titulación: Telecomunicaciones. Reside en Tolosa. Entre tres y cinco años de experiencia. Habilidades: Python (5), SQL (5), Docker (4), Java (2), Ciberseguridad (3). Idiomas: Euskera (4). Competencias: Gestión del tiempo, Flexibilidad, Ética profesional.
50;Mariana Rojas;mariana.rojas@alumni.tecnun.es;Pasaia;Química;pendiente;;-1;05/07/2026;05/07/2026;Mariana Rojas. Titulación: Química. Reside en Pasaia. Sin experiencia laboral. Habilidades: Excel avanzado (4), Análisis estadístico (3), SAP (5). Idiomas: Inglés (3). Competencias: Atención al detalle, Comunicación, Iniciativa.
51;Laura Elizondo;laura.elizondo@outlook.es;Azpeitia;Marketing;sin_verificar;;0;05/07/2026;05/07/2026;Laura Elizondo. Titulación: Marketing. Reside en Azpeitia. Prácticas o menos de un año de experiencia. Habilidades: HubSpot (3), Google Analytics (5), Figma (3), WordPress (3), Mecanizado CNC (3). Idiomas: Euskera (3). Competencias: Creatividad.
52;Paula Ibarguren;paula.ibarguren@alumni.tecnun.es;Errenteria;Ingeniería Industrial;pendiente;14;-1;05/07/2026;05/07/2026;Paula Ibarguren. Titulación: Ingeniería Industrial. Reside en Errenteria. Prácticas o menos de un año de experiencia. Habilidades: Gestión de proyectos (3). Idiomas: Euskera (3), Inglés (3), Francés (2). Competencias: Resolución de problemas, Pensamiento crítico, Orientación a resultados, Gestión del tiempo, Comunicación.
53;Asier Mendoza;asier.mendoza@gmail.com;Irun;Marketing;sin_verificar;;0;05/07/2026;05/07/2026;Asier Mendoza. Titulación: Marketing. Reside en Irun. Entre tres y cinco años de experiencia. Habilidades: Photoshop (3), HubSpot (2). Idiomas: Euskera (2). Competencias: Empatía, Negociación, Gestión del tiempo.
54;Uxue Urrutia;uxue.urrutia@gmail.com;Errenteria;FP Grado Superior;verificado;;-1;05/07/2026;05/07/2026;Uxue Urrutia. Titulación: FP Grado Superior. Reside en Errenteria. Entre uno y dos años de experiencia. Habilidades: Git (5), Ciberseguridad (2). Idiomas: Euskera (4), Inglés (3). Competencias: Atención al cliente, Resolución de problemas, Trabajo bajo presión.
55;Paula Rojas;paula.rojas@hotmail.com;Donostia;FP Grado Medio;verificado;;-1;08/07/2026;08/07/2026;Paula Rojas. Titulación: FP Grado Medio. Reside en Donostia. Prácticas o menos de un año de experiencia. Habilidades: Prevención de riesgos (4). Idiomas: Euskera (5). Competencias: Empatía, Organización, Comunicación.
56;Lucía Sánchez;lucia.sanchez@gmail.com;Arrasate;Arquitectura;verificado;;0;09/07/2026;09/07/2026;Lucía Sánchez. Titulación: Arquitectura. Reside en Arrasate. Más de cinco años de experiencia. Habilidades: AutoCAD (4), Gestión de proyectos (4), Prevención de riesgos (3). Idiomas: Euskera (3), Inglés (4). Competencias: Atención al detalle, Negociación.
57;June Agirre;june.agirre@alumni.tecnun.es;Donostia;Ingeniería Industrial;verificado;;-1;09/07/2026;09/07/2026;June Agirre. Titulación: Ingeniería Industrial. Reside en Donostia. Prácticas o menos de un año de experiencia. Habilidades: Power BI (4), Python (4), Gestión de proyectos (5). Idiomas: no declara. Competencias: Resolución de problemas, Iniciativa.
58;Carlos Romero;carlos.romero@gmail.com;Errenteria;Economía;sin_verificar;;0;10/07/2026;10/07/2026;Carlos Romero. Titulación: Economía. Reside en Errenteria. Prácticas o menos de un año de experiencia. Habilidades: QuickBooks (4), Excel avanzado (3), Contabilidad (2), Python (3), SQL (4), Docker (2). Idiomas: Euskera (5), Inglés (2). Competencias: Liderazgo, Resolución de problemas.
59;Amaia Uranga;amaia.uranga@yahoo.es;Irun;Magisterio;sin_verificar;7;-1;11/07/2026;11/07/2026;Amaia Uranga. Titulación: Magisterio. Reside en Irun. Sin experiencia laboral. Habilidades: no declara. Idiomas: Inglés (4). Competencias: Creatividad, Comunicación, Empatía, Iniciativa, Orientación a resultados, Ética profesional.
60;Lucía Popescu;lucia.popescu@hotmail.com;Errenteria;Psicología;verificado;53;-1;11/07/2026;11/07/2026;Lucía Popescu. Titulación: Psicología. Reside en Errenteria. Sin experiencia laboral. Habilidades: no declara. Idiomas: Euskera (4), Inglés (3). Competencias: Creatividad, Comunicación, Negociación, Empatía, Gestión del tiempo.
61;Fatima Ibarguren;fatima.ibarguren@gmail.com;Tolosa;;verificado;;0;11/07/2026;11/07/2026;Fatima Ibarguren. Sin titulación reglada. Reside en Tolosa. Prácticas o menos de un año de experiencia. Habilidades: Soldadura (4), Salesforce (3), Odoo (2), Microsoft Office (3). Idiomas: Euskera (3), Inglés (2). Competencias: Trabajo en equipo, Vocación de servicio, Empatía.
62;Camila Uranga;camila.uranga@yahoo.es;Irun;ADE;sin_verificar;;-1;12/07/2026;12/07/2026;Camila Uranga. Titulación: ADE. Reside en Irun. Entre uno y dos años de experiencia. Habilidades: Microsoft Office (5), Gestión de proyectos (4). Idiomas: Euskera (3), Inglés (4), Francés (1). Competencias: Comunicación, Atención al cliente, Gestión del tiempo, Orientación a resultados.
63;Ioana Moreno;ioana.moreno@outlook.es;Hernani;Ingeniería Informática;sin_verificar;37;0;12/07/2026;12/07/2026;Ioana Moreno. Titulación: Ingeniería Informática. Reside en Hernani. Prácticas o menos de un año de experiencia. Habilidades: Análisis estadístico (4), SQL (5), Java (3). Idiomas: Euskera (4). Competencias: Iniciativa, Trabajo bajo presión.
64;Unai López;unai.lopez@hotmail.com;Andoain;Diseño;verificado;61;-1;12/07/2026;12/07/2026;Unai López. Titulación: Diseño. Reside en Andoain. Prácticas o menos de un año de experiencia. Habilidades: WordPress (3), HubSpot (4), Photoshop (3). Idiomas: no declara. Competencias: Creatividad, Resolución de problemas, Ética profesional.
65;Sara Sarasola;sara.sarasola@hotmail.com;Irun;FP Grado Superior;pendiente;;0;13/07/2026;13/07/2026;Sara Sarasola. Titulación: FP Grado Superior. Reside en Irun. Entre tres y cinco años de experiencia. Habilidades: SQL (3), Diseño gráfico (4), Odoo (2), Docker (3). Idiomas: Inglés (2), Francés (2). Competencias: Autonomía, Flexibilidad, Trabajo en equipo.
66;Mariana Arregi;mariana.arregi@yahoo.es;Lasarte-Oria;FP Grado Medio;sin_verificar;;0;13/07/2026;13/07/2026;Mariana Arregi. Titulación: FP Grado Medio. Reside en Lasarte-Oria. Entre uno y dos años de experiencia. Habilidades: SAP (4). Idiomas: Inglés (1), Francés (3). Competencias: Resolución de problemas, Creatividad, Atención al cliente, Orientación a resultados, Flexibilidad, Vocación de servicio.
67;Irati Herrera;irati.herrera@outlook.es;Hernani;Economía;verificado;;0;13/07/2026;13/07/2026;Irati Herrera. Titulación: Economía. Reside en Hernani. Entre uno y dos años de experiencia. Habilidades: Contabilidad (2), Power BI (5). Idiomas: Inglés (1). Competencias: Pensamiento crítico, Creatividad, Iniciativa, Gestión del tiempo.
68;Ander Martínez;ander.martinez@outlook.es;Arrasate;FP Grado Superior;sin_verificar;;0;13/07/2026;13/07/2026;Ander Martínez. Titulación: FP Grado Superior. Reside en Arrasate. Prácticas o menos de un año de experiencia. Habilidades: Odoo (4), Prevención de riesgos (2), AutoCAD (2), Microsoft Office (3). Idiomas: Euskera (4), Inglés (3). Competencias: Proactividad, Empatía, Resolución de problemas.
69;Asier García;asier.garcia@hotmail.com;Donostia;Diseño;verificado;;-1;13/07/2026;13/07/2026;Asier García. Titulación: Diseño. Reside en Donostia. Prácticas o menos de un año de experiencia. Habilidades: Photoshop (2), Google Analytics (3), Figma (3), Odoo (1). Idiomas: Euskera (4), Inglés (3), Francés (1). Competencias: Creatividad, Empatía, Trabajo bajo presión, Gestión del tiempo.
70;Maialen Popescu;maialen.popescu@alumni.tecnun.es;Arrasate;Ingeniería Industrial;verificado;;-1;13/07/2026;13/07/2026;Maialen Popescu. Titulación: Ingeniería Industrial. Reside en Arrasate. Sin experiencia laboral. Habilidades: Power BI (5), Excel avanzado (4), Python (3). Idiomas: Inglés (3). Competencias: Comunicación, Pensamiento crítico, Iniciativa.
71;Mikel Martínez;mikel.martinez@hotmail.com;Zumarraga;ADE;verificado;;0;14/07/2026;14/07/2026;Mikel Martínez. Titulación: ADE. Reside en Zumarraga. Sin experiencia laboral. Habilidades: Salesforce (4), SAP (3), WordPress (2). Idiomas: Euskera (3), Inglés (5). Competencias: Comunicación, Iniciativa, Empatía, Trabajo bajo presión.
72;Laura Olano;laura.olano@alumni.tecnun.es;Azkoitia;Ingeniería Industrial;verificado;48;-1;14/07/2026;14/07/2026;Laura Olano. Titulación: Ingeniería Industrial. Reside en Azkoitia. Más de cinco años de experiencia. Habilidades: AutoCAD (3), Power BI (3), Análisis estadístico (3), Gestión de proyectos (4), Redes (1). Idiomas: Inglés (5). Competencias: Atención al cliente, Iniciativa.
73;Kevin Pérez;kevin.perez@alumni.tecnun.es;Hernani;Ingeniería Mecánica;pendiente;;-1;15/07/2026;15/07/2026;Kevin Pérez. Titulación: Ingeniería Mecánica. Reside en Hernani. Sin experiencia laboral. Habilidades: Gestión de proyectos (4), AutoCAD (4). Idiomas: Euskera (5), Inglés (3). Competencias: Autonomía, Gestión del tiempo, Atención al detalle, Vocación de servicio.
74;Uxue López;uxue.lopez@alumni.tecnun.es;Azpeitia;Telecomunicaciones;pendiente;15;-1;15/07/2026;15/07/2026;Uxue López. Titulación: Telecomunicaciones. Reside en Azpeitia. Sin experiencia laboral. Habilidades: Python (4), Ciberseguridad (5), JavaScript (2), Docker (2), Git (3). Idiomas: Euskera (4), Inglés (3). Competencias: Proactividad, Gestión del tiempo, Organización.
75;Adama García;adama.garcia@alumni.tecnun.es;Bergara;Ingeniería Industrial;pendiente;;0;15/07/2026;15/07/2026;Adama García. Titulación: Ingeniería Industrial. Reside en Bergara. Entre uno y dos años de experiencia. Habilidades: SAP (3), Power BI (3), AutoCAD (3). Idiomas: no declara. Competencias: Resolución de problemas, Gestión del tiempo, Creatividad.
76;Unai López;unai.lopez@yahoo.es;Azpeitia;;sin_verificar;;0;15/07/2026;15/07/2026;Unai López. Sin titulación reglada. Reside en Azpeitia. Sin experiencia laboral. Habilidades: Salesforce (3), Prevención de riesgos (2). Idiomas: Euskera (2). Competencias: Negociación, Vocación de servicio, Organización, Orientación a resultados.
77;Nerea López;nerea.lopez@hotmail.com;Ordizia;ADE;verificado;;-1;16/07/2026;16/07/2026;Nerea López. Titulación: ADE. Reside en Ordizia. Sin experiencia laboral. Habilidades: Gestión de proyectos (4), Contabilidad (4). Idiomas: Euskera (5), Inglés (4). Competencias: Pensamiento crítico, Orientación a resultados.
78;Pablo Mendizabal;pablo.mendizabal@outlook.es;Eibar;Ingeniería Industrial;verificado;;-1;16/07/2026;16/07/2026;Pablo Mendizabal. Titulación: Ingeniería Industrial. Reside en Eibar. Entre uno y dos años de experiencia. Habilidades: Gestión de proyectos (4), WordPress (2). Idiomas: Inglés (5), Francés (3). Competencias: Comunicación, Atención al detalle, Resolución de problemas.
79;Izaro Beristain;izaro.beristain@gmail.com;Errenteria;FP Grado Superior;verificado;;-1;16/07/2026;16/07/2026;Izaro Beristain. Titulación: FP Grado Superior. Reside en Errenteria. Sin experiencia laboral. Habilidades: QuickBooks (4), Git (3). Idiomas: Euskera (5), Inglés (3). Competencias: Creatividad, Trabajo bajo presión, Resolución de problemas, Comunicación.
80;Youssef Moreno;youssef.moreno@gmail.com;Donostia;Psicología;verificado;39;0;18/07/2026;18/07/2026;Youssef Moreno. Titulación: Psicología. Reside en Donostia. Sin experiencia laboral. Habilidades: Microsoft Office (3). Idiomas: Euskera (2), Inglés (3). Competencias: Negociación, Comunicación, Creatividad, Orientación a resultados.
81;Youssef García;youssef.garcia@outlook.es;Oñati;Ingeniería Industrial;sin_verificar;;-1;18/07/2026;18/07/2026;Youssef García. Titulación: Ingeniería Industrial. Reside en Oñati. Sin experiencia laboral. Habilidades: Gestión de proyectos (4), Excel avanzado (3). Idiomas: Inglés (3). Competencias: Comunicación, Resolución de problemas, Organización.
82;Bilal Herrera;bilal.herrera@alumni.tecnun.es;Donostia;Ingeniería Mecánica;verificado;34;-1;19/07/2026;19/07/2026;Bilal Herrera. Titulación: Ingeniería Mecánica. Reside en Donostia. Prácticas o menos de un año de experiencia. Habilidades: Gestión de proyectos (2), SAP (4), Excel avanzado (4). Idiomas: Inglés (3), Francés (3). Competencias: Resolución de problemas, Proactividad, Empatía, Comunicación.
83;Irati Castillo;irati.castillo@alumni.tecnun.es;Andoain;Ingeniería Industrial;pendiente;;0;19/07/2026;19/07/2026;Irati Castillo. Titulación: Ingeniería Industrial. Reside en Andoain. Entre tres y cinco años de experiencia. Habilidades: Power BI (4), Gestión de proyectos (4), SAP (5), React (1). Idiomas: Euskera (5), Inglés (3). Competencias: Comunicación, Atención al detalle, Resolución de problemas.
84;Sara Garmendia;sara.garmendia@hotmail.com;Errenteria;Ingeniería Informática;sin_verificar;;-1;20/07/2026;20/07/2026;Sara Garmendia. Titulación: Ingeniería Informática. Reside en Errenteria. Prácticas o menos de un año de experiencia. Habilidades: Java (4), Git (4), Redes (4), SQL (2). Idiomas: Euskera (3). Competencias: Empatía, Iniciativa, Negociación, Liderazgo.
85;Omar Ibarguren;omar.ibarguren@gmail.com;Eibar;Ingeniería Informática;sin_verificar;;-1;22/07/2026;22/07/2026;Omar Ibarguren. Titulación: Ingeniería Informática. Reside en Eibar. Entre tres y cinco años de experiencia. Habilidades: Excel avanzado (2), Power BI (5), Análisis estadístico (3), Java (5), Python (5). Idiomas: Euskera (4), Inglés (2). Competencias: Atención al detalle.
86;Ioana Larrañaga;ioana.larranaga@hotmail.com;Azpeitia;Psicología;revocado;;0;22/07/2026;22/07/2026;Ioana Larrañaga. Titulación: Psicología. Reside en Azpeitia. Sin experiencia laboral. Habilidades: Microsoft Office (3). Idiomas: Euskera (2), Inglés (4). Competencias: Creatividad, Empatía, Atención al detalle.
87;Nicolás Sarasola;nicolas.sarasola@gmail.com;Eibar;FP Grado Superior;verificado;;-1;22/07/2026;22/07/2026;Nicolás Sarasola. Titulación: FP Grado Superior. Reside en Eibar. Más de cinco años de experiencia. Habilidades: SAP (3), AutoCAD (3), Diseño gráfico (3), Excel avanzado (4). Idiomas: Inglés (2). Competencias: Flexibilidad, Liderazgo.
88;Iker Garmendia;iker.garmendia@outlook.es;Zumarraga;ADE;revocado;;0;22/07/2026;22/07/2026;Iker Garmendia. Titulación: ADE. Reside en Zumarraga. Entre uno y dos años de experiencia. Habilidades: QuickBooks (4), Salesforce (4), Microsoft Office (2). Idiomas: Euskera (3). Competencias: Orientación a resultados, Negociación, Resolución de problemas, Vocación de servicio, Gestión del tiempo.
89;Laura Zabaleta;laura.zabaleta@outlook.es;Irun;Ingeniería Informática;verificado;42;0;23/07/2026;23/07/2026;Laura Zabaleta. Titulación: Ingeniería Informática. Reside en Irun. Sin experiencia laboral. Habilidades: Excel avanzado (4), Docker (4), Git (3). Idiomas: Euskera (5), Inglés (2). Competencias: Creatividad.
90;Nerea Urrutia;nerea.urrutia@outlook.es;Tolosa;ADE;verificado;27;0;23/07/2026;23/07/2026;Nerea Urrutia. Titulación: ADE. Reside en Tolosa. Más de cinco años de experiencia. Habilidades: Logística (2), SAP (3). Idiomas: no declara. Competencias: Atención al cliente, Negociación, Comunicación, Empatía, Resolución de problemas.
91;Izaro Otegi;izaro.otegi@gmail.com;Donostia;;verificado;42;-1;24/07/2026;24/07/2026;Izaro Otegi. Sin titulación reglada. Reside en Donostia. Prácticas o menos de un año de experiencia. Habilidades: SAP (4), Soldadura (3). Idiomas: Inglés (4). Competencias: Negociación, Proactividad, Ética profesional, Gestión del tiempo.
92;Andrés López;andres.lopez@yahoo.es;Donostia;Física;sin_verificar;;0;25/07/2026;25/07/2026;Andrés López. Titulación: Física. Reside en Donostia. Prácticas o menos de un año de experiencia. Habilidades: Excel avanzado (4), Análisis estadístico (3), Power BI (3), SQL (2), Tableau (1). Idiomas: Inglés (3). Competencias: Liderazgo.
93;Bilal Díaz;bilal.diaz@outlook.es;Donostia;;sin_verificar;;-1;25/07/2026;25/07/2026;Bilal Díaz. Sin titulación reglada. Reside en Donostia. Entre uno y dos años de experiencia. Habilidades: SAP (4), Soldadura (2). Idiomas: Euskera (5). Competencias: Trabajo en equipo, Orientación a resultados, Trabajo bajo presión, Vocación de servicio, Iniciativa, Atención al cliente.
94;Ander Lasa;ander.lasa@hotmail.com;Zarautz;Marketing;verificado;;-1;26/07/2026;26/07/2026;Ander Lasa. Titulación: Marketing. Reside en Zarautz. Entre uno y dos años de experiencia. Habilidades: HubSpot (3), WordPress (3), Figma (2). Idiomas: Euskera (4). Competencias: Empatía, Creatividad, Vocación de servicio, Negociación, Adaptabilidad.
95;Kevin Agirre;kevin.agirre@gmail.com;Azkoitia;Psicología;sin_verificar;;0;26/07/2026;26/07/2026;Kevin Agirre. Titulación: Psicología. Reside en Azkoitia. Sin experiencia laboral. Habilidades: Microsoft Office (2). Idiomas: Inglés (2). Competencias: Comunicación, Negociación, Empatía, Creatividad, Iniciativa, Atención al cliente.
96;Ioana Etxeberria;ioana.etxeberria@outlook.es;Bergara;Arquitectura;sin_verificar;;-1;27/07/2026;27/07/2026;Ioana Etxeberria. Titulación: Arquitectura. Reside en Bergara. Entre uno y dos años de experiencia. Habilidades: Diseño gráfico (4), Gestión de proyectos (5), AutoCAD (5). Idiomas: Inglés (2). Competencias: Atención al detalle, Comunicación, Liderazgo.
97;Asier Aizpurua;asier.aizpurua@gmail.com;Tolosa;ADE;sin_verificar;;-1;27/07/2026;27/07/2026;Asier Aizpurua. Titulación: ADE. Reside en Tolosa. Sin experiencia laboral. Habilidades: Microsoft Office (5), Odoo (3), QuickBooks (3), Logística (4). Idiomas: Euskera (4), Inglés (5). Competencias: Comunicación, Ética profesional, Proactividad, Adaptabilidad.
98;Laura Pérez;laura.perez@gmail.com;Legazpi;;sin_verificar;96;-1;29/07/2026;29/07/2026;Laura Pérez. Sin titulación reglada. Reside en Legazpi. Prácticas o menos de un año de experiencia. Habilidades: Logística (2), SAP (4). Idiomas: Inglés (3). Competencias: Trabajo bajo presión, Vocación de servicio, Resolución de problemas.
99;Marta Fernández;marta.fernandez@gmail.com;Lasarte-Oria;FP Grado Medio;verificado;;-1;29/07/2026;29/07/2026;Marta Fernández. Titulación: FP Grado Medio. Reside en Lasarte-Oria. Prácticas o menos de un año de experiencia. Habilidades: Logística (4). Idiomas: Euskera (4), Inglés (3), Francés (4). Competencias: Atención al cliente, Trabajo bajo presión, Creatividad, Comunicación.
100;Iker Martínez;iker.martinez@outlook.es;Donostia;ADE;sin_verificar;;-1;30/07/2026;30/07/2026;Iker Martínez. Titulación: ADE. Reside en Donostia. Prácticas o menos de un año de experiencia. Habilidades: SAP (5), Odoo (4), Ciberseguridad (2). Idiomas: Euskera (2), Inglés (4), Alemán (1). Competencias: Orientación a resultados, Trabajo bajo presión.
101;Ander Olano;ander.olano@yahoo.es;Lasarte-Oria;Psicología;sin_verificar;;-1;31/07/2026;31/07/2026;Ander Olano. Titulación: Psicología. Reside en Lasarte-Oria. Prácticas o menos de un año de experiencia. Habilidades: Microsoft Office (4), Java (1). Idiomas: Euskera (3), Inglés (1). Competencias: Negociación, Comunicación, Organización.
102;Jon Ugarte;jon.ugarte@hotmail.com;Oñati;Diseño;revocado;;-1;31/07/2026;31/07/2026;Jon Ugarte. Titulación: Diseño. Reside en Oñati. Entre uno y dos años de experiencia. Habilidades: Google Analytics (4), WordPress (3). Idiomas: Euskera (3), Inglés (1). Competencias: Empatía, Creatividad, Autonomía.
103;Marta Agirre;marta.agirre@gmail.com;Donostia;Arquitectura;verificado;;-1;01/08/2026;01/08/2026;Marta Agirre. Titulación: Arquitectura. Reside en Donostia. Prácticas o menos de un año de experiencia. Habilidades: Gestión de proyectos (2), Prevención de riesgos (4). Idiomas: Euskera (2). Competencias: Negociación, Atención al detalle, Comunicación, Autonomía.
104;Daniel Pérez;daniel.perez@gmail.com;Oñati;FP Grado Superior;sin_verificar;;0;01/08/2026;01/08/2026;Daniel Pérez. Titulación: FP Grado Superior. Reside en Oñati. Entre uno y dos años de experiencia. Habilidades: Excel avanzado (4), Java (5). Idiomas: Euskera (4), Inglés (2). Competencias: Autonomía, Organización, Flexibilidad.
105;Unai Agirre;unai.agirre@hotmail.com;Andoain;Psicología;sin_verificar;;-1;02/08/2026;02/08/2026;Unai Agirre. Titulación: Psicología. Reside en Andoain. Prácticas o menos de un año de experiencia. Habilidades: no declara. Idiomas: Euskera (2). Competencias: Empatía, Comunicación, Negociación, Resolución de problemas.
106;Amaia García;amaia.garcia@yahoo.es;Irun;FP Grado Medio;sin_verificar;;-1;03/08/2026;03/08/2026;Amaia García. Titulación: FP Grado Medio. Reside en Irun. Sin experiencia laboral. Habilidades: Mecanizado CNC (2), Soldadura (2). Idiomas: Euskera (4), Inglés (4). Competencias: Autonomía, Atención al cliente, Comunicación, Resolución de problemas, Negociación.
107;Aitor Aizpurua;aitor.aizpurua@yahoo.es;Donostia;Magisterio;sin_verificar;;0;03/08/2026;03/08/2026;Aitor Aizpurua. Titulación: Magisterio. Reside en Donostia. Prácticas o menos de un año de experiencia. Habilidades: no declara. Idiomas: Euskera (5), Inglés (3). Competencias: Empatía, Creatividad, Comunicación, Proactividad, Vocación de servicio.
108;Bilal Azkue;bilal.azkue@hotmail.com;Donostia;;sin_verificar;;-1;03/08/2026;03/08/2026;Bilal Azkue. Sin titulación reglada. Reside en Donostia. Entre uno y dos años de experiencia. Habilidades: Logística (4), SAP (4), Prevención de riesgos (4), Soldadura (4). Idiomas: no declara. Competencias: Trabajo en equipo, Atención al cliente, Liderazgo.
109;Sara Benali;sara.benali@outlook.es;Andoain;;verificado;68;-1;03/08/2026;03/08/2026;Sara Benali. Sin titulación reglada. Reside en Andoain. Más de cinco años de experiencia. Habilidades: Salesforce (3), Odoo (3). Idiomas: Euskera (4), Inglés (3). Competencias: Organización, Atención al cliente, Pensamiento crítico, Creatividad.
110;Amaia Rojas;amaia.rojas@outlook.es;Legazpi;Ingeniería Informática;verificado;52;-1;04/08/2026;04/08/2026;Amaia Rojas. Titulación: Ingeniería Informática. Reside en Legazpi. Entre uno y dos años de experiencia. Habilidades: Docker (4), Power BI (4), Redes (5), Java (3). Idiomas: Euskera (4), Inglés (2). Competencias: Atención al cliente, Creatividad, Trabajo en equipo.
111;Pablo Rojas;pablo.rojas@yahoo.es;Pasaia;Magisterio;verificado;8;-1;05/08/2026;05/08/2026;Pablo Rojas. Titulación: Magisterio. Reside en Pasaia. Más de cinco años de experiencia. Habilidades: no declara. Idiomas: Euskera (3), Inglés (4). Competencias: Creatividad, Comunicación, Empatía, Adaptabilidad, Liderazgo.
112;Maialen Mendoza;maialen.mendoza@gmail.com;Donostia;ADE;sin_verificar;64;-1;06/08/2026;06/08/2026;Maialen Mendoza. Titulación: ADE. Reside en Donostia. Sin experiencia laboral. Habilidades: SAP (5), Microsoft Office (3), Logística (3), Salesforce (3). Idiomas: Euskera (4), Inglés (4), Alemán (4). Competencias: Resolución de problemas.
113;Uxue Sánchez;uxue.sanchez@gmail.com;Hernani;FP Grado Superior;sin_verificar;;0;06/08/2026;06/08/2026;Uxue Sánchez. Titulación: FP Grado Superior. Reside en Hernani. Prácticas o menos de un año de experiencia. Habilidades: Ciberseguridad (4). Idiomas: Euskera (3), Inglés (3). Competencias: Pensamiento crítico, Creatividad, Orientación a resultados, Trabajo en equipo.
114;Fatima Etxeberria;fatima.etxeberria@gmail.com;Zarautz;Economía;sin_verificar;41;-1;06/08/2026;06/08/2026;Fatima Etxeberria. Titulación: Economía. Reside en Zarautz. Prácticas o menos de un año de experiencia. Habilidades: QuickBooks (4), Power BI (4). Idiomas: Inglés (3), Alemán (2). Competencias: Pensamiento crítico, Ética profesional, Organización, Resolución de problemas.
115;Carlos Moreno;carlos.moreno@gmail.com;Legazpi;Magisterio;pendiente;;-1;08/08/2026;08/08/2026;Carlos Moreno. Titulación: Magisterio. Reside en Legazpi. Prácticas o menos de un año de experiencia. Habilidades: no declara. Idiomas: Inglés (1). Competencias: Comunicación, Creatividad, Empatía, Adaptabilidad, Organización.
116;Amaia Zubizarreta;amaia.zubizarreta@gmail.com;Donostia;ADE;pendiente;11;0;08/08/2026;08/08/2026;Amaia Zubizarreta. Titulación: ADE. Reside en Donostia. Sin experiencia laboral. Habilidades: Logística (4). Idiomas: Euskera (2), Alemán (4). Competencias: Orientación a resultados, Negociación, Flexibilidad.
117;Santiago Ugarte;santiago.ugarte@gmail.com;Donostia;;revocado;;0;09/08/2026;09/08/2026;Santiago Ugarte. Sin titulación reglada. Reside en Donostia. Sin experiencia laboral. Habilidades: Logística (2). Idiomas: Euskera (2), Inglés (3), Alemán (2). Competencias: Negociación, Orientación a resultados, Trabajo en equipo, Proactividad.
118;Izaro Zabaleta;izaro.zabaleta@alumni.tecnun.es;Donostia;Ingeniería Informática;verificado;;-1;09/08/2026;09/08/2026;Izaro Zabaleta. Titulación: Ingeniería Informática. Reside en Donostia. Prácticas o menos de un año de experiencia. Habilidades: JavaScript (3), Python (3), Redes (4), Java (3). Idiomas: Euskera (3), Inglés (4), Francés (1). Competencias: Proactividad.
119;Uxue Echave;uxue.echave@gmail.com;Donostia;FP Grado Medio;verificado;;-1;09/08/2026;09/08/2026;Uxue Echave. Titulación: FP Grado Medio. Reside en Donostia. Sin experiencia laboral. Habilidades: Mecanizado CNC (2), SAP (2). Idiomas: Euskera (3), Inglés (3), Francés (3). Competencias: Creatividad, Trabajo bajo presión, Organización, Gestión del tiempo, Empatía, Autonomía.
120;June López;june.lopez@yahoo.es;Andoain;Derecho;verificado;;0;10/08/2026;10/08/2026;June López. Titulación: Derecho. Reside en Andoain. Entre uno y dos años de experiencia. Habilidades: Odoo (3), Gestión de proyectos (3). Idiomas: Inglés (4). Competencias: Organización, Negociación, Comunicación, Liderazgo.
121;Carlos Romero;carlos.romero@hotmail.com;Hernani;Ingeniería Industrial;sin_verificar;;-1;11/08/2026;11/08/2026;Carlos Romero. Titulación: Ingeniería Industrial. Reside en Hernani. Sin experiencia laboral. Habilidades: Power BI (4), SQL (3), Python (3). Idiomas: Euskera (4), Inglés (3). Competencias: Comunicación, Gestión del tiempo.
122;Camila Iturriaga;camila.iturriaga@gmail.com;Pasaia;Telecomunicaciones;verificado;;-1;11/08/2026;11/08/2026;Camila Iturriaga. Titulación: Telecomunicaciones. Reside en Pasaia. Sin experiencia laboral. Habilidades: Python (3), Ciberseguridad (3), Java (4), Redes (4), Git (5). Idiomas: Euskera (2), Inglés (1). Competencias: Creatividad.
123;Nerea Larrañaga;nerea.larranaga@gmail.com;Donostia;;pendiente;;0;11/08/2026;11/08/2026;Nerea Larrañaga. Sin titulación reglada. Reside en Donostia. Prácticas o menos de un año de experiencia. Habilidades: Salesforce (5), Mecanizado CNC (2), SAP (2). Idiomas: Euskera (2), Francés (4). Competencias: Atención al cliente, Orientación a resultados, Adaptabilidad.
124;Irati Larrañaga;irati.larranaga@yahoo.es;Hondarribia;FP Grado Superior;sin_verificar;;-1;11/08/2026;11/08/2026;Irati Larrañaga. Titulación: FP Grado Superior. Reside en Hondarribia. Más de cinco años de experiencia. Habilidades: Docker (2), Microsoft Office (3), Diseño gráfico (3), Ciberseguridad (3). Idiomas: Inglés (3). Competencias: Atención al detalle, Empatía, Negociación.
125;Ane Herrera;ane.herrera@hotmail.com;Hondarribia;Derecho;verificado;71;-1;12/08/2026;12/08/2026;Ane Herrera. Titulación: Derecho. Reside en Hondarribia. Sin experiencia laboral. Habilidades: Odoo (4), Excel avanzado (4), Microsoft Office (3). Idiomas: Euskera (5), Inglés (5). Competencias: Negociación, Orientación a resultados, Atención al cliente.
126;Pablo Irazabal;pablo.irazabal@gmail.com;Andoain;FP Grado Superior;verificado;55;-1;13/08/2026;13/08/2026;Pablo Irazabal. Titulación: FP Grado Superior. Reside en Andoain. Prácticas o menos de un año de experiencia. Habilidades: Java (5), Ciberseguridad (3), React (1). Idiomas: Euskera (2), Inglés (1). Competencias: Pensamiento crítico, Trabajo bajo presión, Atención al cliente, Negociación, Autonomía.
127;Jon El Amrani;jon.el.amrani@hotmail.com;Donostia;Arquitectura;pendiente;;-1;14/08/2026;14/08/2026;Jon El Amrani. Titulación: Arquitectura. Reside en Donostia. Sin experiencia laboral. Habilidades: Prevención de riesgos (2), Gestión de proyectos (4), AutoCAD (4). Idiomas: Euskera (2), Inglés (3). Competencias: Negociación, Organización, Atención al detalle, Atención al cliente.
128;Youssef Silva;youssef.silva@gmail.com;Azpeitia;;sin_verificar;30;-1;14/08/2026;14/08/2026;Youssef Silva. Sin titulación reglada. Reside en Azpeitia. Entre uno y dos años de experiencia. Habilidades: SAP (5). Idiomas: Euskera (4), Inglés (3). Competencias: Vocación de servicio, Atención al cliente, Organización, Iniciativa, Negociación, Comunicación.
129;Daniel Fernández;daniel.fernandez@yahoo.es;Arrasate;FP Grado Superior;sin_verificar;;-1;15/08/2026;15/08/2026;Daniel Fernández. Titulación: FP Grado Superior. Reside en Arrasate. Más de cinco años de experiencia. Habilidades: SAP (4), Prevención de riesgos (5). Idiomas: Euskera (3), Inglés (3). Competencias: Organización, Empatía.
130;Camila Elizondo;camila.elizondo2@gmail.com;Irun;Ingeniería Industrial;sin_verificar;;-1;16/08/2026;16/08/2026;Camila Elizondo. Titulación: Ingeniería Industrial. Reside en Irun. Entre uno y dos años de experiencia. Habilidades: SAP (4), AutoCAD (2), Python (4), Power BI (5). Idiomas: Euskera (4), Inglés (2). Competencias: Proactividad, Pensamiento crítico, Orientación a resultados, Flexibilidad.
131;Ane Beristain;ane.beristain@alumni.tecnun.es;Lasarte-Oria;Ingeniería Informática;pendiente;121;-1;17/08/2026;17/08/2026;Ane Beristain. Titulación: Ingeniería Informática. Reside en Lasarte-Oria. Sin experiencia laboral. Habilidades: Power BI (3), Ciberseguridad (4), Análisis estadístico (3). Idiomas: Euskera (4). Competencias: Empatía, Negociación, Atención al cliente.
132;Ioana Mendoza;ioana.mendoza@gmail.com;Arrasate;Magisterio;verificado;32;-1;18/08/2026;18/08/2026;Ioana Mendoza. Titulación: Magisterio. Reside en Arrasate. Prácticas o menos de un año de experiencia. Habilidades: no declara. Idiomas: Inglés (3). Competencias: Empatía, Creatividad, Comunicación, Orientación a resultados.
133;Nicolás Sánchez;nicolas.sanchez@alumni.tecnun.es;Beasain;Ingeniería Industrial;verificado;15;-1;18/08/2026;18/08/2026;Nicolás Sánchez. Titulación: Ingeniería Industrial. Reside en Beasain. Sin experiencia laboral. Habilidades: Python (4), Excel avanzado (5), Power BI (4). Idiomas: Inglés (2). Competencias: Atención al detalle, Autonomía, Empatía.
134;Lucía Echave;lucia.echave@outlook.es;Pasaia;FP Grado Medio;sin_verificar;;-1;18/08/2026;18/08/2026;Lucía Echave. Titulación: FP Grado Medio. Reside en Pasaia. Prácticas o menos de un año de experiencia. Habilidades: Mecanizado CNC (3), Soldadura (5). Idiomas: Euskera (2). Competencias: Atención al cliente, Trabajo bajo presión, Empatía, Orientación a resultados, Flexibilidad.
135;Paula Vargas;paula.vargas@gmail.com;Errenteria;Arquitectura;verificado;;0;20/08/2026;20/08/2026;Paula Vargas. Titulación: Arquitectura. Reside en Errenteria. Sin experiencia laboral. Habilidades: Gestión de proyectos (3), Diseño gráfico (2), Prevención de riesgos (5). Idiomas: Euskera (4). Competencias: Atención al detalle, Negociación, Iniciativa.
136;Santiago Larrañaga;santiago.larranaga@outlook.es;Donostia;Ingeniería Mecánica;verificado;;-1;20/08/2026;20/08/2026;Santiago Larrañaga. Titulación: Ingeniería Mecánica. Reside en Donostia. Sin experiencia laboral. Habilidades: Mecanizado CNC (3), Prevención de riesgos (5), SAP (3), Salesforce (3). Idiomas: Euskera (3), Inglés (1). Competencias: Adaptabilidad.
137;Asier Fernández;asier.fernandez@alumni.tecnun.es;Arrasate;Ingeniería Industrial;pendiente;56;0;21/08/2026;21/08/2026;Asier Fernández. Titulación: Ingeniería Industrial. Reside en Arrasate. Más de cinco años de experiencia. Habilidades: SQL (3), Power BI (3), Gestión de proyectos (4). Idiomas: Euskera (2), Inglés (2). Competencias: Resolución de problemas, Creatividad, Empatía.
138;Adama Fernández;adama.fernandez@alumni.tecnun.es;Zarautz;Química;verificado;34;0;21/08/2026;21/08/2026;Adama Fernández. Titulación: Química. Reside en Zarautz. Entre uno y dos años de experiencia. Habilidades: SAP (4), Análisis estadístico (3), Excel avanzado (4), Java (1). Idiomas: Euskera (3), Inglés (2). Competencias: Atención al detalle, Flexibilidad, Negociación.
139;Jon Azkue;jon.azkue@gmail.com;Bergara;Ingeniería Industrial;sin_verificar;;-1;22/08/2026;22/08/2026;Jon Azkue. Titulación: Ingeniería Industrial. Reside en Bergara. Sin experiencia laboral. Habilidades: AutoCAD (4), Análisis estadístico (3), Python (2). Idiomas: Euskera (4), Inglés (4). Competencias: Atención al detalle, Gestión del tiempo, Pensamiento crítico.
140;Nerea Martínez;nerea.martinez@outlook.es;Bergara;Ingeniería Informática;verificado;;0;22/08/2026;22/08/2026;Nerea Martínez. Titulación: Ingeniería Informática. Reside en Bergara. Entre tres y cinco años de experiencia. Habilidades: SQL (3), Ciberseguridad (4), Java (3), Excel avanzado (3). Idiomas: Euskera (3), Inglés (3), Alemán (3). Competencias: Iniciativa, Gestión del tiempo.
141;Omar Urrutia;omar.urrutia@gmail.com;Donostia;;verificado;72;-1;22/08/2026;22/08/2026;Omar Urrutia. Sin titulación reglada. Reside en Donostia. Entre uno y dos años de experiencia. Habilidades: Odoo (2), SAP (2), Google Analytics (3). Idiomas: Euskera (3), Inglés (4). Competencias: Orientación a resultados, Vocación de servicio, Autonomía.
142;Amaia López;amaia.lopez@hotmail.com;Legazpi;Economía;revocado;107;-1;22/08/2026;22/08/2026;Amaia López. Titulación: Economía. Reside en Legazpi. Sin experiencia laboral. Habilidades: Contabilidad (4). Idiomas: Inglés (1). Competencias: Organización, Comunicación, Atención al cliente, Proactividad, Vocación de servicio.
143;Uxue Azkue;uxue.azkue@gmail.com;Donostia;ADE;sin_verificar;11;0;22/08/2026;22/08/2026;Uxue Azkue. Titulación: ADE. Reside en Donostia. Entre uno y dos años de experiencia. Habilidades: Power BI (3), Contabilidad (3), QuickBooks (5). Idiomas: Inglés (1). Competencias: Organización, Resolución de problemas.
144;Ane Garmendia;ane.garmendia@alumni.tecnun.es;Donostia;Ingeniería Informática;revocado;43;-1;24/08/2026;24/08/2026;Ane Garmendia. Titulación: Ingeniería Informática. Reside en Donostia. Más de cinco años de experiencia. Habilidades: Git (4), Redes (3), JavaScript (3), Excel avanzado (4), Java (4). Idiomas: Euskera (2), Inglés (4). Competencias: Gestión del tiempo, Ética profesional, Liderazgo.
145;Irati Agirre;irati.agirre@gmail.com;Donostia;ADE;verificado;;-1;24/08/2026;24/08/2026;Irati Agirre. Titulación: ADE. Reside en Donostia. Sin experiencia laboral. Habilidades: Logística (5), Gestión de proyectos (4), Mecanizado CNC (3). Idiomas: Euskera (2), Inglés (4). Competencias: Comunicación, Ética profesional, Trabajo bajo presión, Gestión del tiempo.
146;Santiago Olano;santiago.olano@yahoo.es;Donostia;ADE;sin_verificar;138;-1;24/08/2026;24/08/2026;Santiago Olano. Titulación: ADE. Reside en Donostia. Sin experiencia laboral. Habilidades: Excel avanzado (4), SAP (4), Microsoft Office (4), Logística (4). Idiomas: Inglés (2). Competencias: Comunicación, Negociación, Pensamiento crítico, Organización.
147;Santiago Fernández;santiago.fernandez@gmail.com;Errenteria;Diseño;verificado;;-1;25/08/2026;25/08/2026;Santiago Fernández. Titulación: Diseño. Reside en Errenteria. Sin experiencia laboral. Habilidades: Figma (2), WordPress (4), HubSpot (4). Idiomas: Euskera (3), Inglés (3). Competencias: Creatividad, Orientación a resultados.
148;Irati Larrañaga;irati.larranaga@gmail.com;Azpeitia;Ingeniería Informática;sin_verificar;;-1;25/08/2026;25/08/2026;Irati Larrañaga. Titulación: Ingeniería Informática. Reside en Azpeitia. Entre tres y cinco años de experiencia. Habilidades: Java (3), Git (4), Análisis estadístico (4), SQL (4), Docker (3). Idiomas: Euskera (4). Competencias: Pensamiento crítico, Comunicación.
149;Gorka Olano;gorka.olano@yahoo.es;Errenteria;Marketing;pendiente;;-1;26/08/2026;26/08/2026;Gorka Olano. Titulación: Marketing. Reside en Errenteria. Sin experiencia laboral. Habilidades: Figma (3), Salesforce (4), WordPress (3). Idiomas: Euskera (4), Inglés (2), Francés (3). Competencias: Empatía, Negociación, Trabajo bajo presión, Autonomía.
150;Izaro Ibarguren;izaro.ibarguren@gmail.com;Zarautz;ADE;verificado;102;0;26/08/2026;26/08/2026;Izaro Ibarguren. Titulación: ADE. Reside en Zarautz. Prácticas o menos de un año de experiencia. Habilidades: Excel avanzado (4). Idiomas: Euskera (3), Inglés (3), Alemán (3). Competencias: Comunicación, Organización, Negociación, Atención al detalle, Liderazgo.
151;Lucía Uranga;lucia.uranga@alumni.tecnun.es;Tolosa;Ingeniería Informática;pendiente;20;-1;26/08/2026;26/08/2026;Lucía Uranga. Titulación: Ingeniería Informática. Reside en Tolosa. Sin experiencia laboral. Habilidades: Ciberseguridad (3), Excel avanzado (3), Git (4), Java (3). Idiomas: Euskera (4). Competencias: Ética profesional, Liderazgo, Flexibilidad.
152;Diego Zabaleta;diego.zabaleta@outlook.es;Donostia;ADE;verificado;;0;27/08/2026;27/08/2026;Diego Zabaleta. Titulación: ADE. Reside en Donostia. Entre tres y cinco años de experiencia. Habilidades: Excel avanzado (4), Gestión de proyectos (4). Idiomas: Euskera (4), Inglés (5). Competencias: Atención al cliente, Trabajo en equipo, Creatividad, Autonomía.
153;Youssef Agirre;youssef.agirre@gmail.com;Tolosa;Telecomunicaciones;sin_verificar;15;-1;28/08/2026;28/08/2026;Youssef Agirre. Titulación: Telecomunicaciones. Reside en Tolosa. Prácticas o menos de un año de experiencia. Habilidades: Java (4), Redes (4), Git (5), Mecanizado CNC (3). Idiomas: Euskera (4), Inglés (3), Francés (1). Competencias: Trabajo en equipo, Gestión del tiempo, Atención al cliente.
154;Unai Benali;unai.benali@outlook.es;Donostia;Derecho;verificado;109;-1;29/08/2026;29/08/2026;Unai Benali. Titulación: Derecho. Reside en Donostia. Prácticas o menos de un año de experiencia. Habilidades: Gestión de proyectos (5), Excel avanzado (2), Odoo (4). Idiomas: Euskera (4), Inglés (1). Competencias: Empatía, Trabajo en equipo, Comunicación, Resolución de problemas.
155;Fatima Irazabal;fatima.irazabal@alumni.tecnun.es;Lasarte-Oria;Telecomunicaciones;verificado;;-1;30/08/2026;30/08/2026;Fatima Irazabal. Titulación: Telecomunicaciones. Reside en Lasarte-Oria. Sin experiencia laboral. Habilidades: Ciberseguridad (4), Java (4), SQL (4), Python (2). Idiomas: Inglés (2). Competencias: Organización, Negociación.
156;Kevin Romero;kevin.romero@gmail.com;Hondarribia;Arquitectura;sin_verificar;;-1;31/08/2026;31/08/2026;Kevin Romero. Titulación: Arquitectura. Reside en Hondarribia. Prácticas o menos de un año de experiencia. Habilidades: Prevención de riesgos (3), AutoCAD (4), Gestión de proyectos (5), Diseño gráfico (4). Idiomas: Inglés (2). Competencias: Negociación, Organización.
157;Valentina Beristain;valentina.beristain@yahoo.es;Pasaia;Derecho;sin_verificar;12;-1;01/09/2026;01/09/2026;Valentina Beristain. Titulación: Derecho. Reside en Pasaia. Prácticas o menos de un año de experiencia. Habilidades: Excel avanzado (4). Idiomas: Euskera (4), Inglés (5). Competencias: Negociación, Empatía, Pensamiento crítico, Creatividad, Ética profesional.
158;Ane Azkue;ane.azkue@gmail.com;Hondarribia;Derecho;pendiente;;-1;01/09/2026;01/09/2026;Ane Azkue. Titulación: Derecho. Reside en Hondarribia. Entre tres y cinco años de experiencia. Habilidades: Gestión de proyectos (4). Idiomas: Inglés (2). Competencias: Organización, Comunicación, Negociación, Adaptabilidad, Empatía.
159;Gorka Silva;gorka.silva@outlook.es;Hernani;FP Grado Medio;sin_verificar;132;0;01/09/2026;01/09/2026;Gorka Silva. Titulación: FP Grado Medio. Reside en Hernani. Prácticas o menos de un año de experiencia. Habilidades: Logística (3). Idiomas: Inglés (3), Francés (3). Competencias: Trabajo bajo presión, Atención al cliente, Autonomía, Resolución de problemas, Comunicación.
160;Leire López;leire.lopez@yahoo.es;Zarautz;Diseño;sin_verificar;147;0;02/09/2026;02/09/2026;Leire López. Titulación: Diseño. Reside en Zarautz. Sin experiencia laboral. Habilidades: WordPress (3), Photoshop (4), Figma (3). Idiomas: Inglés (3). Competencias: Proactividad.
161;Mariana Benali;mariana.benali@gmail.com;Pasaia;Derecho;sin_verificar;140;0;03/09/2026;03/09/2026;Mariana Benali. Titulación: Derecho. Reside en Pasaia. Prácticas o menos de un año de experiencia. Habilidades: Excel avanzado (3). Idiomas: no declara. Competencias: Atención al cliente, Negociación, Trabajo bajo presión.
162;Mikel Ugarte;mikel.ugarte@yahoo.es;Donostia;Diseño;sin_verificar;;-1;04/09/2026;04/09/2026;Mikel Ugarte. Titulación: Diseño. Reside en Donostia. Sin experiencia laboral. Habilidades: Google Analytics (3), Figma (4), WordPress (3). Idiomas: Euskera (2), Inglés (3). Competencias: Empatía, Creatividad, Liderazgo, Resolución de problemas, Vocación de servicio.
163;Bilal Moreno;bilal.moreno@alumni.tecnun.es;Donostia;Química;verificado;;0;04/09/2026;04/09/2026;Bilal Moreno. Titulación: Química. Reside en Donostia. Entre uno y dos años de experiencia. Habilidades: SAP (3), Excel avanzado (2), React (2). Idiomas: Euskera (4). Competencias: Pensamiento crítico, Negociación, Trabajo en equipo.
164;June Iturriaga;june.iturriaga@outlook.es;Tolosa;FP Grado Medio;verificado;25;0;05/09/2026;05/09/2026;June Iturriaga. Titulación: FP Grado Medio. Reside en Tolosa. Entre tres y cinco años de experiencia. Habilidades: Logística (3), Soldadura (2). Idiomas: Inglés (4), Alemán (2). Competencias: Trabajo bajo presión, Trabajo en equipo, Negociación.
165;Camila Garmendia;camila.garmendia@yahoo.es;Ordizia;;verificado;51;-1;06/09/2026;06/09/2026;Camila Garmendia. Sin titulación reglada. Reside en Ordizia. Prácticas o menos de un año de experiencia. Habilidades: Salesforce (3). Idiomas: Inglés (4). Competencias: Organización, Atención al cliente, Autonomía, Trabajo en equipo, Flexibilidad, Resolución de problemas.
166;Nerea García;nerea.garcia@gmail.com;Donostia;Diseño;pendiente;72;-1;06/09/2026;06/09/2026;Nerea García. Titulación: Diseño. Reside en Donostia. Entre tres y cinco años de experiencia. Habilidades: WordPress (4), Figma (4). Idiomas: Francés (2). Competencias: Creatividad, Trabajo en equipo, Autonomía.
167;Carlos Goikoetxea;carlos.goikoetxea@outlook.es;Tolosa;Derecho;verificado;46;-1;07/09/2026;07/09/2026;Carlos Goikoetxea. Titulación: Derecho. Reside en Tolosa. Sin experiencia laboral. Habilidades: Excel avanzado (5). Idiomas: Inglés (4). Competencias: Comunicación, Empatía, Autonomía, Organización.
168;Omar Sánchez;omar.sanchez@gmail.com;Lasarte-Oria;Arquitectura;sin_verificar;26;-1;07/09/2026;07/09/2026;Omar Sánchez. Titulación: Arquitectura. Reside en Lasarte-Oria. Entre tres y cinco años de experiencia. Habilidades: Gestión de proyectos (5), Prevención de riesgos (4), AutoCAD (3). Idiomas: Euskera (2), Inglés (3), Alemán (1). Competencias: Negociación, Trabajo bajo presión.
169;Laura Beristain;laura.beristain@yahoo.es;Errenteria;ADE;sin_verificar;;-1;07/09/2026;07/09/2026;Laura Beristain. Titulación: ADE. Reside en Errenteria. Sin experiencia laboral. Habilidades: Salesforce (2), Logística (4), Power BI (3), Jira (3). Idiomas: Inglés (3), Francés (4). Competencias: Empatía, Organización, Creatividad.
170;Asier Elizondo;asier.elizondo@yahoo.es;Azpeitia;Ingeniería Industrial;sin_verificar;;-1;07/09/2026;07/09/2026;Asier Elizondo. Titulación: Ingeniería Industrial. Reside en Azpeitia. Sin experiencia laboral. Habilidades: SQL (5), AutoCAD (3), Gestión de proyectos (5). Idiomas: Euskera (3). Competencias: Comunicación, Resolución de problemas, Adaptabilidad, Trabajo bajo presión, Ética profesional, Atención al cliente.
171;Amaia Larrañaga;amaia.larranaga@outlook.es;Zumarraga;Diseño;verificado;;-1;08/09/2026;08/09/2026;Amaia Larrañaga. Titulación: Diseño. Reside en Zumarraga. Sin experiencia laboral. Habilidades: Photoshop (5), WordPress (2). Idiomas: Euskera (2), Inglés (2). Competencias: Empatía, Creatividad, Autonomía, Orientación a resultados.
172;Sara Pérez;sara.perez@gmail.com;Zumarraga;FP Grado Superior;sin_verificar;;-1;08/09/2026;08/09/2026;Sara Pérez. Titulación: FP Grado Superior. Reside en Zumarraga. Sin experiencia laboral. Habilidades: Odoo (2), Mecanizado CNC (3), Docker (2). Idiomas: Euskera (3), Inglés (3), Alemán (4). Competencias: Trabajo bajo presión, Atención al cliente, Autonomía, Negociación, Comunicación.
173;Bilal Goikoetxea;bilal.goikoetxea@outlook.es;Pasaia;Diseño;verificado;8;-1;08/09/2026;08/09/2026;Bilal Goikoetxea. Titulación: Diseño. Reside en Pasaia. Entre uno y dos años de experiencia. Habilidades: Figma (4), Photoshop (4), WordPress (2). Idiomas: Euskera (3), Inglés (2). Competencias: Empatía, Creatividad, Trabajo en equipo, Autonomía.
174;Camila Ibarguren;camila.ibarguren@alumni.tecnun.es;Donostia;Ingeniería Informática;revocado;;0;08/09/2026;08/09/2026;Camila Ibarguren. Titulación: Ingeniería Informática. Reside en Donostia. Prácticas o menos de un año de experiencia. Habilidades: Análisis estadístico (4), Redes (3), JavaScript (4). Idiomas: no declara. Competencias: Orientación a resultados.
175;Jon Díaz;jon.diaz@gmail.com;Zarautz;Biología;sin_verificar;;-1;09/09/2026;09/09/2026;Jon Díaz. Titulación: Biología. Reside en Zarautz. Prácticas o menos de un año de experiencia. Habilidades: Análisis estadístico (3). Idiomas: no declara. Competencias: Pensamiento crítico, Atención al detalle, Flexibilidad, Creatividad.
176;Unai Azkue;unai.azkue@gmail.com;Pasaia;Ingeniería Informática;sin_verificar;;-1;11/09/2026;11/09/2026;Unai Azkue. Titulación: Ingeniería Informática. Reside en Pasaia. Sin experiencia laboral. Habilidades: JavaScript (5), Python (4), Ciberseguridad (4). Idiomas: Euskera (3), Inglés (4). Competencias: Resolución de problemas, Comunicación, Negociación.
177;Izaro Urrutia;izaro.urrutia@hotmail.com;Andoain;Ingeniería Industrial;sin_verificar;;-1;11/09/2026;11/09/2026;Izaro Urrutia. Titulación: Ingeniería Industrial. Reside en Andoain. Prácticas o menos de un año de experiencia. Habilidades: Power BI (3), Gestión de proyectos (2). Idiomas: Euskera (3), Inglés (3). Competencias: Resolución de problemas, Pensamiento crítico, Empatía.
178;Bilal Martínez;bilal.martinez@yahoo.es;Donostia;;sin_verificar;12;0;12/09/2026;12/09/2026;Bilal Martínez. Sin titulación reglada. Reside en Donostia. Entre uno y dos años de experiencia. Habilidades: Salesforce (3), SAP (3), Prevención de riesgos (2). Idiomas: Inglés (4). Competencias: Atención al cliente, Trabajo en equipo, Flexibilidad, Atención al detalle, Comunicación.
179;Andrés Azkue;andres.azkue@alumni.tecnun.es;Donostia;Ingeniería Mecánica;verificado;1;0;12/09/2026;12/09/2026;Andrés Azkue. Titulación: Ingeniería Mecánica. Reside en Donostia. Entre tres y cinco años de experiencia. Habilidades: AutoCAD (3). Idiomas: Euskera (2), Inglés (4), Alemán (3). Competencias: Resolución de problemas, Autonomía, Organización, Adaptabilidad.
180;Amaia Ibarguren;amaia.ibarguren@hotmail.com;Donostia;Derecho;sin_verificar;;0;12/09/2026;12/09/2026;Amaia Ibarguren. Titulación: Derecho. Reside en Donostia. Entre uno y dos años de experiencia. Habilidades: Microsoft Office (4), Gestión de proyectos (3). Idiomas: Inglés (3). Competencias: Comunicación, Organización, Empatía, Ética profesional, Atención al detalle.
181;Paula Pérez;paula.perez@gmail.com;Beasain;Marketing;verificado;;-1;13/09/2026;13/09/2026;Paula Pérez. Titulación: Marketing. Reside en Beasain. Entre uno y dos años de experiencia. Habilidades: Google Analytics (3), Photoshop (4), Docker (2). Idiomas: Euskera (2), Inglés (3). Competencias: Negociación, Atención al cliente, Orientación a resultados, Atención al detalle, Comunicación.
182;Camila López;camila.lopez@gmail.com;Lasarte-Oria;Ingeniería Industrial;verificado;152;-1;15/09/2026;15/09/2026;Camila López. Titulación: Ingeniería Industrial. Reside en Lasarte-Oria. Entre tres y cinco años de experiencia. Habilidades: SQL (4), AutoCAD (2), Power BI (3), Excel avanzado (5), Gestión de proyectos (4). Idiomas: Inglés (4), Alemán (4). Competencias: Iniciativa, Atención al detalle.
183;Mikel Beristain;mikel.beristain@hotmail.com;Donostia;;sin_verificar;98;-1;15/09/2026;15/09/2026;Mikel Beristain. Sin titulación reglada. Reside en Donostia. Prácticas o menos de un año de experiencia. Habilidades: Microsoft Office (3). Idiomas: Euskera (3), Inglés (5). Competencias: Trabajo en equipo, Negociación, Orientación a resultados, Liderazgo.
184;Diego Sarasola;diego.sarasola@gmail.com;Tolosa;Diseño;pendiente;;-1;15/09/2026;15/09/2026;Diego Sarasola. Titulación: Diseño. Reside en Tolosa. Entre uno y dos años de experiencia. Habilidades: WordPress (4), Figma (2), Google Analytics (3). Idiomas: Francés (4). Competencias: Empatía, Creatividad, Autonomía.
185;Nerea Herrera;nerea.herrera@alumni.tecnun.es;Donostia;Ingeniería Informática;verificado;;0;15/09/2026;15/09/2026;Nerea Herrera. Titulación: Ingeniería Informática. Reside en Donostia. Entre uno y dos años de experiencia. Habilidades: Power BI (4), Ciberseguridad (3), Java (3), JavaScript (4). Idiomas: Euskera (3), Inglés (3). Competencias: Adaptabilidad, Creatividad.
186;Sara Vargas;sara.vargas@yahoo.es;Tolosa;FP Grado Superior;verificado;;-1;16/09/2026;16/09/2026;Sara Vargas. Titulación: FP Grado Superior. Reside en Tolosa. Entre tres y cinco años de experiencia. Habilidades: Mecanizado CNC (4), AutoCAD (3), Prevención de riesgos (3). Idiomas: Inglés (1). Competencias: Atención al detalle, Autonomía.
187;Nerea Beristain;nerea.beristain@hotmail.com;Azpeitia;Química;sin_verificar;23;-1;16/09/2026;16/09/2026;Nerea Beristain. Titulación: Química. Reside en Azpeitia. Sin experiencia laboral. Habilidades: Excel avanzado (4), Análisis estadístico (4), SAP (4). Idiomas: Euskera (3), Inglés (4). Competencias: Atención al detalle, Pensamiento crítico.
188;Diego Mendoza;diego.mendoza@alumni.tecnun.es;Andoain;Telecomunicaciones;verificado;;-1;16/09/2026;16/09/2026;Diego Mendoza. Titulación: Telecomunicaciones. Reside en Andoain. Prácticas o menos de un año de experiencia. Habilidades: Python (2), Java (4), SQL (3). Idiomas: Inglés (2), Alemán (4). Competencias: Creatividad, Flexibilidad, Liderazgo.
189;Uxue López;uxue.lopez@hotmail.com;Irun;Marketing;verificado;123;-1;16/09/2026;16/09/2026;Uxue López. Titulación: Marketing. Reside en Irun. Entre tres y cinco años de experiencia. Habilidades: HubSpot (4), Google Analytics (4). Idiomas: Euskera (4), Inglés (2). Competencias: Empatía, Creatividad, Resolución de problemas.
190;Santiago Arregi;santiago.arregi@hotmail.com;Zarautz;ADE;sin_verificar;;-1;17/09/2026;17/09/2026;Santiago Arregi. Titulación: ADE. Reside en Zarautz. Entre uno y dos años de experiencia. Habilidades: Logística (3), Gestión de proyectos (4), Contabilidad (5), Salesforce (3). Idiomas: Euskera (5). Competencias: Autonomía.
191;Ander Ibarguren;ander.ibarguren@hotmail.com;Bergara;Marketing;sin_verificar;;-1;17/09/2026;17/09/2026;Ander Ibarguren. Titulación: Marketing. Reside en Bergara. Entre uno y dos años de experiencia. Habilidades: WordPress (3). Idiomas: Inglés (3). Competencias: Atención al cliente, Negociación, Gestión del tiempo, Organización.
192;Jon Elizondo;jon.elizondo@hotmail.com;Errenteria;Marketing;sin_verificar;;0;17/09/2026;17/09/2026;Jon Elizondo. Titulación: Marketing. Reside en Errenteria. Más de cinco años de experiencia. Habilidades: HubSpot (4). Idiomas: Inglés (3). Competencias: Empatía, Negociación, Atención al cliente, Organización, Trabajo bajo presión.
193;Daniel Olano;daniel.olano@hotmail.com;Errenteria;ADE;sin_verificar;60;-1;18/09/2026;18/09/2026;Daniel Olano. Titulación: ADE. Reside en Errenteria. Entre uno y dos años de experiencia. Habilidades: QuickBooks (2), Excel avanzado (4). Idiomas: Inglés (4). Competencias: Organización, Empatía, Iniciativa.
194;Ane López;ane.lopez@alumni.tecnun.es;Errenteria;Química;verificado;;0;19/09/2026;19/09/2026;Ane López. Titulación: Química. Reside en Errenteria. Entre uno y dos años de experiencia. Habilidades: Excel avanzado (4), SAP (3). Idiomas: Euskera (5), Inglés (3). Competencias: Pensamiento crítico, Atención al detalle, Vocación de servicio.
195;Irati Vargas;irati.vargas@gmail.com;Hernani;ADE;sin_verificar;124;-1;19/09/2026;19/09/2026;Irati Vargas. Titulación: ADE. Reside en Hernani. Entre tres y cinco años de experiencia. Habilidades: Gestión de proyectos (4), Contabilidad (3). Idiomas: Euskera (4), Inglés (4), Alemán (1). Competencias: Negociación, Atención al detalle.
196;Aitor Irazabal;aitor.irazabal@outlook.es;Eibar;Magisterio;verificado;120;0;20/09/2026;20/09/2026;Aitor Irazabal. Titulación: Magisterio. Reside en Eibar. Sin experiencia laboral. Habilidades: no declara. Idiomas: Euskera (3). Competencias: Comunicación, Creatividad, Empatía, Autonomía.
197;Nicolás Moreno;nicolas.moreno@yahoo.es;Irun;Psicología;sin_verificar;4;0;21/09/2026;21/09/2026;Nicolás Moreno. Titulación: Psicología. Reside en Irun. Entre uno y dos años de experiencia. Habilidades: SQL (2). Idiomas: Inglés (4). Competencias: Creatividad, Negociación, Comunicación, Adaptabilidad.
198;Aitor Urrutia;aitor.urrutia@gmail.com;Donostia;Marketing;revocado;;0;21/09/2026;21/09/2026;Aitor Urrutia. Titulación: Marketing. Reside en Donostia. Más de cinco años de experiencia. Habilidades: Figma (3). Idiomas: Euskera (2), Inglés (1). Competencias: Orientación a resultados, Empatía, Liderazgo.
199;Valentina Etxeberria;valentina.etxeberria@outlook.es;Irun;;sin_verificar;;-1;22/09/2026;22/09/2026;Valentina Etxeberria. Sin titulación reglada. Reside en Irun. Más de cinco años de experiencia. Habilidades: Mecanizado CNC (2). Idiomas: Inglés (2). Competencias: Negociación, Autonomía, Organización.
200;Uxue Goikoetxea;uxue.goikoetxea@yahoo.es;Beasain;Ingeniería Informática;sin_verificar;;-1;22/09/2026;22/09/2026;Uxue Goikoetxea. Titulación: Ingeniería Informática. Reside en Beasain. Más de cinco años de experiencia. Habilidades: JavaScript (4), SQL (2), Redes (2). Idiomas: Euskera (3), Inglés (4). Competencias: Trabajo en equipo, Gestión del tiempo, Liderazgo.
