id;empresa;puesto;requisitos;contrato;jornada;ubicacion;salario_min;estado;fuente;url_origen;codigo_externo;hash;fecha_pub;vista_en
1;27;Arquitecto/a técnico/a;Se requiere AutoCAD y Gestión de proyectos. Se valora Negociación. Formación: Arquitectura. Euskera valorable. Puesto en Donostia.;practicas;indiferente;Donostia;13000;abierta;lanbide;https://lanbide.example/oferta/LB400001;LB400001;6ac9c915d0a0c10547dd4f05396b52da;25/06/2026;25/09/2026
2;31;Soldador/a;Se requiere Soldadura y Autonomía. Se valora Prevención de riesgos. Formación: FP Grado Medio o FP Grado Superior. Puesto en Donostia.;indefinido;completa;Donostia;25500;abierta;usuario;https://portal.example/oferta/900002;;cd6117ee023e4f594c44e9f4e0f6514e;17/09/2026;21/09/2026
3;61;Administrador/a de sistemas;Se requiere Ciberseguridad y Docker. Se valora Redes. Formación: Telecomunicaciones o Ingeniería Informática. Euskera valorable. Puesto en Donostia.;otro;completa;Donostia;31500;abierta;lanbide;https://lanbide.example/oferta/LB400002;LB400002;45786d10d20d24e7a2f5e6991e0ab39c;07/05/2026;19/09/2026
4;9;Analista financiero/a;Se requiere Contabilidad y Pensamiento crítico. Se valora Power BI. Formación: ADE o Economía. Euskera valorable. Puesto en Zumarraga.;indefinido;indiferente;Zumarraga;34000;abierta;manual;;;e0a0e2775028a831e804d8fbef4fe4af;12/08/2026;19/09/2026
5;37;Auxiliar de enfermería;Se requiere Trabajo bajo presión y Atención al cliente. Se valora Empatía. Formación: FP Grado Medio. Euskera valorable. Puesto en Eibar.;indefinido;completa;Eibar;20500;abierta;lanbide;https://lanbide.example/oferta/LB400003;LB400003;aa7f12d8bd78afd861937d5813cfdae1;18/09/2026;19/09/2026
6;61;Diseñador/a UX;Se requiere Empatía y Creatividad. Se valora Photoshop y Figma. Formación: Diseño o Marketing. Puesto en Andoain.;otro;parcial;Andoain;27000;abierta;lanbide;https://lanbide.example/oferta/LB400004;LB400004;9bb5bd4d7d3ab2f90bc239bf9265fae9;02/05/2026;20/09/2026
7;57;Técnico/a de laboratorio;Se requiere Análisis estadístico y Atención al detalle. Se valora Inglés. Puesto en Oñati.;otro;completa;Oñati;;abierta;agente;https://www.clinicagoikoetxea.example/empleo;;9266ecb3084c3f5d0ca28004366f6ca6;29/08/2026;24/09/2026
8;33;Educador/a;Se requiere Empatía y Euskera. Se valora Comunicación y Creatividad. Puesto en Madrid.;indefinido;completa;Madrid;21000;abierta;usuario;https://portal.example/oferta/900008;;2ac72fdbdd805c392e933fa80e1b4102;10/09/2026;24/09/2026
9;61;Administrativo/a;Se requiere Atención al cliente y Odoo. Se valora Organización. Formación: FP Grado Superior o ADE. Puesto en Donostia.;indefinido;parcial;Donostia;;abierta;lanbide;https://lanbide.example/oferta/LB400005;LB400005;9478ac5ab6527c8b3d24d1a85fa10639;26/06/2026;20/09/2026
10;55;Técnico/a de mantenimiento;Se requiere Resolución de problemas y Prevención de riesgos. Se valora Mecanizado CNC. Puesto en Irun.;temporal;indiferente;Irun;24500;abierta;manual;;;f2abea6640c1f1dc2f7e1bae914ed038;17/07/2026;21/09/2026
11;61;Auxiliar contable;Se requiere Contabilidad y Organización. Se valora Excel avanzado y QuickBooks. Puesto en Oñati.;indefinido;indiferente;Oñati;20000;abierta;lanbide;https://lanbide.example/oferta/LB400006;LB400006;a37bc1c0944d28e4b03e749e73f8f38a;21/05/2026;20/09/2026
12;23;Técnico/a de laboratorio;Se requiere Análisis estadístico y Atención al detalle. Se valora Inglés. Puesto en Donostia.;temporal;completa;Donostia;24500;abierta;lanbide;https://lanbide.example/oferta/LB400007;LB400007;7d8790204b66dbd6e7853ba5fbd03015;22/05/2026;19/09/2026
13;39;Educador/a;Se requiere Euskera y Creatividad. Se valora Comunicación y Empatía. Puesto en Pamplona.;temporal;indiferente;Pamplona;24000;abierta;lanbide;https://lanbide.example/oferta/LB400008;LB400008;79bbe1cad6af295ce0a831407a043bc2;15/08/2026;22/09/2026
14;23;Técnico/a de laboratorio;Se requiere Inglés y Pensamiento crítico. Se valora Atención al detalle y Análisis estadístico. Puesto en Donostia.;indefinido;parcial;Donostia;;abierta;agente;https://www.laboratoriosmendizabal.example/empleo;;a5fb5c4f1e27cfd6c83e52dfd78c6f49;26/07/2026;22/09/2026
15;41;Recepcionista;Se requiere Microsoft Office y Francés. Se valora Inglés y Atención al cliente. Formación: FP Grado Superior. Puesto en Zarautz.;otro;parcial;Zarautz;20500;abierta;lanbide;https://lanbide.example/oferta/LB400009;LB400009;47f1dd5579b310cd5062953a2e0047bc;23/06/2026;24/09/2026
16;44;Desarrollador/a backend;Se requiere Docker y SQL. Se valora Git. Formación: Ingeniería Informática o Telecomunicaciones. Puesto en Arrasate.;temporal;completa;Arrasate;32500;abierta;manual;;;be5761d526e56c294dae17f1867919b8;13/08/2026;19/09/2026
17;61;Asesor/a jurídico/a junior;Se requiere Inglés y Pensamiento crítico. Se valora Negociación y Comunicación. Formación: Derecho. Puesto en Donostia.;otro;completa;Donostia;29000;abierta;lanbide;https://lanbide.example/oferta/LB400010;LB400010;6dd28c0b925e648f8baf84ea8655fc9e;07/09/2026;23/09/2026
18;61;Auxiliar de enfermería;Se requiere Empatía y Trabajo bajo presión. Se valora Atención al cliente. Puesto en Zarautz.;otro;completa;Zarautz;21000;abierta;lanbide;https://lanbide.example/oferta/LB400011;LB400011;c19682541b7fc9c503129036da20c50b;11/09/2026;21/09/2026
19;12;Desarrollador/a backend;Se requiere Git y Docker. Se valora Python y SQL. Formación: Ingeniería Informática o Telecomunicaciones. Puesto en Donostia.;otro;completa;Donostia;28000;abierta;usuario;https://portal.example/oferta/900019;;8eb6e7efe627840665961b5ab973959e;11/09/2026;23/09/2026
20;47;Administrativo/a;Se requiere Odoo y Atención al cliente. Se valora Organización y Microsoft Office. Formación: FP Grado Superior o ADE. Euskera valorable. Puesto en Oñati.;indefinido;parcial;Oñati;18500;abierta;api;https://boards.example/comercialgoikoetxea/jobs/70020;GH-70020;7f6fec5716bdfc2e462f665fefed0003;13/05/2026;21/09/2026
21;23;Administrativo/a;Se requiere Odoo y Microsoft Office. Se valora Atención al cliente. Puesto en Donostia.;practicas;parcial;Donostia;9000;abierta;agente;https://www.laboratoriosmendizabal.example/empleo;;fd2835d361d2cca997fb2c688cfe08fb;17/07/2026;21/09/2026
22;25;Soldador/a;Se requiere Soldadura y Autonomía. Se valora Prevención de riesgos. Puesto en Irun.;temporal;indiferente;Irun;;abierta;agente;https://www.construccioneselizondo.example/empleo;;4c5f2f3bae9f5f539e330128e4ccc398;17/09/2026;21/09/2026
23;61;Recepcionista;Se requiere Inglés y Atención al cliente. Se valora Francés y Microsoft Office. Formación: FP Grado Superior. Puesto en Legazpi.;practicas;completa;Legazpi;10000;abierta;lanbide;https://lanbide.example/oferta/LB400012;LB400012;95748f2595324bf70f0a071752645877;06/08/2026;23/09/2026
24;61;Camarero/a;Se requiere Euskera y Inglés. Se valora Trabajo bajo presión. Formación: FP Grado Medio. Puesto en Hernani.;practicas;indiferente;Hernani;12500;abierta;lanbide;https://lanbide.example/oferta/LB400013;LB400013;46cb1704c5e2facfd1473c701573a01d;05/06/2026;23/09/2026
25;26;Desarrollador/a backend;Se requiere Git y Python. Se valora Docker y SQL. Formación: Ingeniería Informática o Telecomunicaciones. Puesto en Irun.;practicas;completa;Irun;11000;cerrada;manual;;;4caaacb128347c6ce767e33c8269057c;23/05/2026;03/06/2026
26;14;Técnico/a de logística;Se requiere Logística y SAP. Se valora Excel avanzado. Euskera valorable. Puesto en Eibar.;otro;indiferente;Eibar;23000;abierta;agente;https://www.logisticaiturriaga.example/empleo;;dfe803f6b5d1c3dd80b1ae736261cba8;05/09/2026;25/09/2026
27;16;Arquitecto/a técnico/a;Se requiere Gestión de proyectos y Prevención de riesgos. Se valora AutoCAD. Puesto en Hernani.;otro;completa;Hernani;28500;abierta;api;https://boards.example/estructuraszabaleta/jobs/70027;GH-70027;1f923a1c9777c65d2db5082201567a91;03/08/2026;21/09/2026
28;61;Recepcionista;Se requiere Atención al cliente y Francés. Se valora Microsoft Office y Inglés. Formación: FP Grado Superior. Puesto en Errenteria.;practicas;completa;Errenteria;11500;abierta;lanbide;https://lanbide.example/oferta/LB400014;LB400014;78891914098f2bad7fd2cf522b2a1702;08/05/2026;19/09/2026
29;1;Camarero/a;Se requiere Trabajo bajo presión y Atención al cliente. Se valora Euskera y Inglés. Formación: FP Grado Medio. Puesto en Azpeitia.;otro;completa;Azpeitia;17500;abierta;api;https://boards.example/hoteliturriaga/jobs/70029;GH-70029;85f7569eeca342898cc6e73d27e2591c;20/08/2026;20/09/2026
30;61;Administrativo/a;Se requiere Atención al cliente y Microsoft Office. Se valora Odoo. Formación: FP Grado Superior o ADE. Euskera valorable. Puesto en Donostia.;practicas;completa;Donostia;12000;abierta;lanbide;https://lanbide.example/oferta/LB400015;LB400015;f4f591a4fc5227f9c49682108aa2b4d8;01/07/2026;19/09/2026
31;61;Camarero/a;Se requiere Inglés y Atención al cliente. Se valora Trabajo bajo presión y Euskera. Formación: FP Grado Medio. Puesto en Irun.;indefinido;completa;Irun;;cerrada;lanbide;https://lanbide.example/oferta/LB400016;LB400016;9143a17c43718fa1fb82fce70ec9b848;23/08/2026;01/09/2026
32;15;Camarero/a;Se requiere Trabajo bajo presión y Atención al cliente. Se valora Inglés y Euskera. Puesto en Donostia.;temporal;completa;Donostia;18000;abierta;agente;https://www.hotelberistain.example/empleo;;6145f7cd0f323a867206600130bfd9eb;13/05/2026;24/09/2026
33;36;Técnico/a de RRHH;Se requiere Empatía y Microsoft Office. Se valora Comunicación. Puesto en Zarautz.;indefinido;completa;Zarautz;22000;cerrada;api;https://boards.example/consultoriaechave/jobs/70033;GH-70033;747f9068b6eb4316fb3374ea87c58bec;24/05/2026;05/06/2026
34;61;Cocinero/a;Se requiere Trabajo bajo presión y Organización. Se valora Creatividad. Formación: FP Grado Medio o FP Grado Superior. Puesto en Arrasate.;temporal;parcial;Arrasate;19500;abierta;lanbide;https://lanbide.example/oferta/LB400017;LB400017;35c0717356864aefbcc579678154dd40;04/08/2026;25/09/2026
35;61;Administrativo/a;Se requiere Organización y Odoo. Se valora Atención al cliente y Microsoft Office. Euskera valorable. Puesto en Donostia.;indefinido;indiferente;Donostia;18500;abierta;lanbide;https://lanbide.example/oferta/LB400018;LB400018;e37cfe76093c5a0b698d0d6b1752a475;08/08/2026;19/09/2026
36;59;Técnico/a de logística;Se requiere Organización y SAP. Se valora Logística. Formación: ADE o FP Grado Superior. Puesto en Donostia.;indefinido;completa;Donostia;25500;abierta;manual;;;a69bc7fb46da2a600c454cddc32e8aa0;09/05/2026;22/09/2026
37;4;Desarrollador/a backend;Se requiere Git y Python. Se valora SQL y Docker. Formación: Ingeniería Informática o Telecomunicaciones. Puesto en Donostia.;temporal;indiferente;Donostia;31500;abierta;usuario;https://portal.example/oferta/900037;;a8fc9d71b4b0ac702d3aa031aa230962;17/07/2026;25/09/2026
38;61;Técnico/a de RRHH;Se requiere Microsoft Office y Comunicación. Se valora Empatía. Formación: Psicología o Derecho. Puesto en Irun.;indefinido;parcial;Irun;24500;cerrada;lanbide;https://lanbide.example/oferta/LB400019;LB400019;1c03eef2c022e2c03e949f9a51fee04a;12/08/2026;01/09/2026
39;58;Administrador/a de sistemas;Se requiere Redes y Docker. Se valora Ciberseguridad. Formación: Telecomunicaciones o Ingeniería Informática. Puesto en Legazpi.;temporal;completa;Legazpi;26000;abierta;lanbide;https://lanbide.example/oferta/LB400020;LB400020;d49105fc3124ec818eb36987c3fdbc1c;23/08/2026;21/09/2026
40;57;Recepcionista;Se requiere Inglés y Francés. Se valora Microsoft Office. Puesto en Oñati.;temporal;completa;Oñati;;abierta;agente;https://www.clinicagoikoetxea.example/empleo;;77633e665072e5b433c0ca41b3153ca3;01/07/2026;22/09/2026
41;61;Arquitecto/a técnico/a;Se requiere Gestión de proyectos y Prevención de riesgos. Se valora AutoCAD. Formación: Arquitectura. Euskera valorable. Puesto en Donostia.;indefinido;parcial;Donostia;26500;abierta;lanbide;https://lanbide.example/oferta/LB400021;LB400021;e878e09ab9f38cfa407022b50fd4c5fd;17/07/2026;19/09/2026
42;1;Cocinero/a;Se requiere Organización y Trabajo bajo presión. Se valora Creatividad. Formación: FP Grado Medio o FP Grado Superior. Euskera valorable. Puesto en Azpeitia.;practicas;completa;Azpeitia;;abierta;usuario;https://portal.example/oferta/900042;;a600eae2ec2102a137fa283e2fefa2bc;27/07/2026;23/09/2026
43;46;Administrador/a de sistemas;Se requiere Redes y Docker. Se valora Ciberseguridad. Puesto en Donostia.;indefinido;completa;Donostia;29500;abierta;api;https://boards.example/softwarelarranaga/jobs/70043;GH-70043;9db10c9deb52eafdac483fd94fa05091;17/09/2026;19/09/2026
44;34;Técnico/a de marketing digital;Se requiere Google Analytics y Creatividad. Se valora WordPress. Euskera valorable. Puesto en Hernani.;otro;indiferente;Hernani;24000;abierta;usuario;https://portal.example/oferta/900044;;ab6472c92e9bf8462a66df8b4c3a000e;21/06/2026;23/09/2026
45;27;Delineante;Se requiere Atención al detalle y AutoCAD. Se valora Diseño gráfico. Formación: FP Grado Superior o Arquitectura. Euskera valorable. Puesto en Donostia.;temporal;completa;Donostia;25000;abierta;agente;https://www.construccionesberistain.example/empleo;;31408f9d39b2e5e672befcddd936ca4d;22/06/2026;20/09/2026
46;33;Educador/a;Se requiere Comunicación y Empatía. Se valora Euskera y Creatividad. Formación: Psicología o Magisterio. Puesto en Madrid.;indefinido;completa;Madrid;24500;abierta;lanbide;https://lanbide.example/oferta/LB400022;LB400022;8356c8fdc70db339357aace52b389d05;17/07/2026;22/09/2026
47;18;Diseñador/a UX;Se requiere Figma y Creatividad. Se valora Empatía. Euskera valorable. Puesto en Tolosa.;indefinido;indiferente;Tolosa;29000;abierta;lanbide;https://lanbide.example/oferta/LB400023;LB400023;71971f80d0b765a5c34ed35246ecbb88;09/05/2026;23/09/2026
48;59;Administrativo/a;Se requiere Microsoft Office y Odoo. Se valora Organización y Atención al cliente. Formación: FP Grado Superior o ADE. Puesto en Donostia.;temporal;completa;Donostia;21500;abierta;lanbide;https://lanbide.example/oferta/LB400024;LB400024;a9cf1199eb6568e6ee95b76409c1fdba;17/06/2026;20/09/2026
49;53;Analista de datos;Se requiere Python y SQL. Se valora Excel avanzado y Power BI. Formación: Ingeniería Informática o Economía. Euskera valorable. Puesto en Errenteria.;otro;completa;Errenteria;34000;abierta;manual;;;12f711feb251f3809cf72cef365c7572;02/09/2026;23/09/2026
50;40;Ingeniero/a de procesos;Se requiere SAP y AutoCAD. Se valora Resolución de problemas y Excel avanzado. Puesto en Bergara.;temporal;completa;Bergara;29500;cerrada;lanbide;https://lanbide.example/oferta/LB400025;LB400025;ddde71f0b45c0826585d706917823608;02/07/2026;27/07/2026
51;20;Arquitecto/a técnico/a;Se requiere Negociación y Prevención de riesgos. Se valora Gestión de proyectos. Puesto en Donostia.;practicas;completa;Donostia;14500;abierta;lanbide;https://lanbide.example/oferta/LB400026;LB400026;ca3eed0a28d9873531e6762c579e8e8a;17/06/2026;20/09/2026
52;41;Recepcionista;Se requiere Atención al cliente y Francés. Se valora Microsoft Office. Formación: FP Grado Superior. Puesto en Zarautz.;indefinido;indiferente;Zarautz;21000;abierta;usuario;;;fcea7988c99e7c26ffcadd73b7298d3c;14/05/2026;23/09/2026
53;14;Administrativo/a;Se requiere Atención al cliente y Odoo. Se valora Organización. Formación: FP Grado Superior o ADE. Puesto en Eibar.;otro;completa;Eibar;20000;abierta;agente;https://www.logisticaiturriaga.example/empleo;;600f9f035a7a9929f2f401d095514da6;14/06/2026;25/09/2026
54;61;Técnico/a de marketing digital;Se requiere Google Analytics y HubSpot. Se valora Creatividad y WordPress. Formación: Marketing o Diseño. Puesto en Irun.;temporal;completa;Irun;24000;abierta;lanbide;https://lanbide.example/oferta/LB400027;LB400027;4391f49231bd9fad072c608537ee53e7;05/05/2026;24/09/2026
55;61;Asesor/a jurídico/a junior;Se requiere Pensamiento crítico y Comunicación. Se valora Inglés y Negociación. Puesto en Donostia.;indefinido;indiferente;Donostia;26500;abierta;lanbide;https://lanbide.example/oferta/LB400028;LB400028;eea75d5b2719c860446e0d6eaa65b291;28/08/2026;20/09/2026
56;4;Programador/a junior;Se requiere Java y SQL. Se valora Git. Formación: Ingeniería Informática o Telecomunicaciones. Puesto en Donostia.;practicas;parcial;Donostia;12000;abierta;usuario;https://portal.example/oferta/900056;;fcd88523fc704ed154518ed3f8b1e8f3;19/09/2026;22/09/2026
57;10;Comercial;Se requiere Orientación a resultados y Atención al cliente. Se valora Salesforce y Negociación. Formación: ADE o Marketing. Euskera valorable. Puesto en Donostia.;otro;completa;Donostia;24500;abierta;api;https://boards.example/fundicionesetxeberria/jobs/70057;GH-70057;9df3d19453468e0b0aea18b592198da3;17/06/2026;19/09/2026
58;61;Administrativo/a;Se requiere Microsoft Office y Organización. Se valora Odoo y Atención al cliente. Formación: FP Grado Superior o ADE. Euskera valorable. Puesto en Eibar.;temporal;completa;Eibar;22000;abierta;lanbide;https://lanbide.example/oferta/LB400029;LB400029;2d52406e72be63eafc21b4203514d6f8;06/09/2026;21/09/2026
59;49;Analista financiero/a;Se requiere Excel avanzado y Power BI. Se valora Pensamiento crítico. Puesto en Bilbao.;temporal;indiferente;Bilbao;34000;abierta;usuario;;;497c9b67259d4bb0f2eec7dbf02d2b35;20/07/2026;20/09/2026
60;22;Técnico/a de mantenimiento;Se requiere Prevención de riesgos y Mecanizado CNC. Se valora Autonomía y Resolución de problemas. Euskera valorable. Puesto en Irun.;indefinido;completa;Irun;;abierta;agente;https://www.troquelesgarmendia.example/empleo;;e183f63b83baf99c4b6395a505f04735;06/08/2026;24/09/2026
61;61;Técnico/a de RRHH;Se requiere Comunicación y Empatía. Se valora Microsoft Office y Negociación. Formación: Psicología o Derecho. Puesto en Beasain.;practicas;parcial;Beasain;10500;cerrada;lanbide;https://lanbide.example/oferta/LB400030;LB400030;e30c69f258da819b8377e911872dd0b2;30/05/2026;12/06/2026
62;61;Administrativo/a;Se requiere Odoo y Microsoft Office. Se valora Atención al cliente y Organización. Formación: FP Grado Superior o ADE. Puesto en Eibar.;practicas;completa;Eibar;;abierta;lanbide;https://lanbide.example/oferta/LB400031;LB400031;b087baf68be249f795744c50b053bb4f;17/06/2026;23/09/2026
63;57;Administrativo/a;Se requiere Atención al cliente y Odoo. Se valora Organización. Formación: FP Grado Superior o ADE. Euskera valorable. Puesto en Oñati.;practicas;completa;Oñati;13500;abierta;agente;https://www.clinicagoikoetxea.example/empleo;;0f75800640d9a80993ae4d8bc50306aa;02/05/2026;25/09/2026
64;25;Administrativo/a;Se requiere Atención al cliente y Organización. Se valora Odoo. Formación: FP Grado Superior o ADE. Euskera valorable. Puesto en Irun.;indefinido;parcial;Irun;18500;cerrada;agente;https://www.construccioneselizondo.example/empleo;;16c1b50b43e1ecc1a80c029d68076cb2;27/05/2026;30/08/2026
65;14;Técnico/a de mantenimiento;Se requiere Autonomía y Prevención de riesgos. Se valora Resolución de problemas y Mecanizado CNC. Formación: FP Grado Superior o FP Grado Medio. Puesto en Eibar.;otro;completa;Eibar;24000;abierta;agente;https://www.logisticaiturriaga.example/empleo;;2c65316d909f52fa87401703d96f5f63;17/09/2026;20/09/2026
66;61;Técnico/a de laboratorio;Se requiere Análisis estadístico y Pensamiento crítico. Se valora Inglés. Formación: Biología o Química. Puesto en Donostia.;temporal;completa;Donostia;24500;cerrada;lanbide;https://lanbide.example/oferta/LB400032;LB400032;dc74e4bf871c3ac11ce60c580fb2575b;10/08/2026;18/08/2026
67;42;Técnico/a de mantenimiento;Se requiere Prevención de riesgos y Mecanizado CNC. Se valora Autonomía y Resolución de problemas. Formación: FP Grado Superior o FP Grado Medio. Puesto en Donostia.;practicas;completa;Donostia;13000;abierta;lanbide;https://lanbide.example/oferta/LB400033;LB400033;019805f99f5073dc2f864556ea23eb98;12/07/2026;21/09/2026
68;50;Delineante;Se requiere Diseño gráfico y Atención al detalle. Se valora AutoCAD. Formación: FP Grado Superior o Arquitectura. Puesto en Zumarraga.;temporal;completa;Zumarraga;24500;abierta;usuario;https://portal.example/oferta/900068;;35b7f0ce4f8d7fe7d47a528f066cecfe;24/09/2026;25/09/2026
69;51;Administrativo/a;Se requiere Odoo y Microsoft Office. Se valora Atención al cliente. Formación: FP Grado Superior o ADE. Puesto en Errenteria.;otro;completa;Errenteria;18500;abierta;usuario;https://portal.example/oferta/900069;;45ffe6893de9da7ac020ad1df2c3c952;12/09/2026;25/09/2026
70;11;Técnico/a de marketing digital;Se requiere WordPress y HubSpot. Se valora Google Analytics. Puesto en Azpeitia.;practicas;completa;Azpeitia;9500;abierta;manual;;;2e09ca88d4400e6219303848f0d1c96a;28/07/2026;20/09/2026
71;32;Técnico/a de calidad;Se requiere Pensamiento crítico y SAP. Se valora Atención al detalle. Formación: Ingeniería Industrial o Química. Puesto en Barcelona.;temporal;completa;Barcelona;24500;abierta;usuario;https://portal.example/oferta/900071;;95b72dce354a6f8dc875abf21cde1fd2;11/06/2026;21/09/2026
72;35;Recepcionista;Se requiere Atención al cliente y Microsoft Office. Se valora Francés y Inglés. Formación: FP Grado Superior. Puesto en Donostia.;otro;parcial;Donostia;18500;abierta;manual;;;62d5c257980d3180ac79e7909ad54c5d;18/08/2026;25/09/2026
73;61;Administrativo/a;Se requiere Atención al cliente y Odoo. Se valora Organización y Microsoft Office. Formación: FP Grado Superior o ADE. Euskera valorable. Puesto en Donostia.;otro;completa;Donostia;21500;abierta;lanbide;https://lanbide.example/oferta/LB400034;LB400034;39a24ed3c974f3eb1ce1701ef37e1192;14/09/2026;19/09/2026
74;21;Delineante;Se requiere Diseño gráfico y Atención al detalle. Se valora AutoCAD. Formación: FP Grado Superior o Arquitectura. Puesto en Eibar.;practicas;indiferente;Eibar;;cerrada;manual;;;58831fecebd8a4abedac0594f23284ed;03/08/2026;10/08/2026
75;61;Auxiliar contable;Se requiere Excel avanzado y Organización. Se valora Contabilidad. Formación: ADE o Economía. Puesto en Zumarraga.;indefinido;completa;Zumarraga;21500;cerrada;lanbide;https://lanbide.example/oferta/LB400035;LB400035;b38ad62905cd5e5d2bc12a3af5a3113a;31/07/2026;09/08/2026
76;40;Delineante;Se requiere AutoCAD y Atención al detalle. Se valora Diseño gráfico. Puesto en Bergara.;indefinido;indiferente;Bergara;22000;abierta;manual;;;dcef3d8066b5070a419e0d1794652bf2;22/08/2026;22/09/2026
77;52;Técnico/a de marketing digital;Se requiere HubSpot y Google Analytics. Se valora Creatividad. Formación: Marketing o Diseño. Puesto en Madrid.;indefinido;completa;Madrid;23500;abierta;manual;;;728d762bbdfa3f0a84ef644810e380fa;26/07/2026;22/09/2026
78;10;Técnico/a de mantenimiento;Se requiere Mecanizado CNC y Resolución de problemas. Se valora Autonomía. Formación: FP Grado Superior o FP Grado Medio. Puesto en Donostia.;indefinido;indiferente;Donostia;25000;abierta;api;https://boards.example/fundicionesetxeberria/jobs/70078;GH-70078;6ebd50a8c07b82c4cc04e948f86673e4;28/08/2026;22/09/2026
79;61;Auxiliar contable;Se requiere Contabilidad y QuickBooks. Se valora Excel avanzado. Euskera valorable. Puesto en Donostia.;temporal;completa;Donostia;22500;cerrada;lanbide;https://lanbide.example/oferta/LB400036;LB400036;ee601e4915d14f5f43c64cbf4c61d9b0;29/07/2026;08/08/2026
80;22;Operario/a de producción;Se requiere Mecanizado CNC y Trabajo bajo presión. Se valora Trabajo en equipo y Prevención de riesgos. Puesto en Irun.;otro;completa;Irun;22000;abierta;agente;https://www.troquelesgarmendia.example/empleo;;f9ffe29594c31f1cb57b0d8c5b8b9fe5;11/06/2026;19/09/2026
81;3;Técnico/a de calidad;Se requiere SAP y Excel avanzado. Se valora Pensamiento crítico. Formación: Ingeniería Industrial o Química. Puesto en Hondarribia.;otro;completa;Hondarribia;24000;cerrada;lanbide;https://lanbide.example/oferta/LB400037;LB400037;c64acdf4e3f424f4725c1d7020cd4f63;04/08/2026;17/08/2026
82;61;Delineante;Se requiere Diseño gráfico y AutoCAD. Se valora Atención al detalle. Formación: FP Grado Superior o Arquitectura. Puesto en Hondarribia.;temporal;completa;Hondarribia;21000;abierta;lanbide;https://lanbide.example/oferta/LB400038;LB400038;3c1ee6e90d1735a841668752d2aabd55;16/09/2026;21/09/2026
83;10;Técnico/a de calidad;Se requiere Pensamiento crítico y Atención al detalle. Se valora SAP. Formación: Ingeniería Industrial o Química. Euskera valorable. Puesto en Donostia.;indefinido;completa;Donostia;;abierta;api;https://boards.example/fundicionesetxeberria/jobs/70083;GH-70083;914e228ae43332da5f5823a3bab389bd;26/06/2026;22/09/2026
84;61;Asesor/a jurídico/a junior;Se requiere Comunicación y Pensamiento crítico. Se valora Negociación y Inglés. Euskera valorable. Puesto en Hernani.;practicas;indiferente;Hernani;13000;abierta;lanbide;https://lanbide.example/oferta/LB400039;LB400039;62a7892a1661a2a52b33587b407bcb05;21/08/2026;23/09/2026
85;18;Dependiente/a;Se requiere Atención al cliente y Vocación de servicio. Se valora Trabajo en equipo. Puesto en Tolosa.;indefinido;completa;Tolosa;18500;abierta;api;https://boards.example/comercialirazabal/jobs/70085;GH-70085;b6549292a348fe403e3cc0c1c72c290e;03/07/2026;21/09/2026
86;57;Auxiliar de enfermería;Se requiere Trabajo bajo presión y Atención al cliente. Se valora Empatía. Formación: FP Grado Medio. Euskera valorable. Puesto en Oñati.;temporal;completa;Oñati;21500;abierta;agente;https://www.clinicagoikoetxea.example/empleo;;a0be103d7082946784e3dd8e58096f6f;05/05/2026;20/09/2026
87;18;Diseñador/a UX;Se requiere Figma y Creatividad. Se valora Photoshop. Formación: Diseño o Marketing. Puesto en Tolosa.;temporal;parcial;Tolosa;25500;abierta;api;https://boards.example/comercialirazabal/jobs/70087;GH-70087;85c19280c596bb20e6786ae96eb0f2a0;04/08/2026;25/09/2026
88;61;Delineante;Se requiere Diseño gráfico y AutoCAD. Se valora Atención al detalle. Formación: FP Grado Superior o Arquitectura. Puesto en Errenteria.;otro;completa;Errenteria;24500;abierta;lanbide;https://lanbide.example/oferta/LB400040;LB400040;d3c2198a5f54af403e9fd667d463538d;07/06/2026;22/09/2026
89;31;Ingeniero/a de procesos;Se requiere Gestión de proyectos y SAP. Se valora AutoCAD. Formación: Ingeniería Industrial o Ingeniería Mecánica. Puesto en Donostia.;practicas;completa;Donostia;10500;abierta;agente;https://www.mecanizadoslarranaga.example/empleo;;16dc678fc924c045fd5d8d8d24b8d63d;17/09/2026;20/09/2026
90;61;Programador/a junior;Se requiere JavaScript y SQL. Se valora Java y Git. Formación: Ingeniería Informática o Telecomunicaciones. Euskera valorable. Puesto en Ordizia.;temporal;completa;Ordizia;29500;abierta;lanbide;https://lanbide.example/oferta/LB400041;LB400041;25b18c91a0ebb4618b60094f009f5109;09/05/2026;25/09/2026
91;22;Comercial;Se requiere Atención al cliente y Orientación a resultados. Se valora Negociación y Salesforce. Formación: ADE o Marketing. Puesto en Irun.;practicas;completa;Irun;;abierta;agente;https://www.troquelesgarmendia.example/empleo;;cecb126c795f0f319a36195c03ea1603;15/06/2026;19/09/2026
92;39;Educador/a;Se requiere Comunicación y Creatividad. Se valora Empatía. Puesto en Pamplona.;practicas;completa;Pamplona;15000;cerrada;agente;https://www.centrodeformacionolano.example/empleo;;6a021435f0b24f25711d6b5f9eab7bef;30/06/2026;08/09/2026
93;15;Recepcionista;Se requiere Atención al cliente y Francés. Se valora Inglés. Formación: FP Grado Superior. Euskera valorable. Puesto en Donostia.;otro;parcial;Donostia;18500;abierta;agente;https://www.hotelberistain.example/empleo;;0cc4e4cec0a826755b7c2f8def67e2cd;20/06/2026;22/09/2026
94;46;Desarrollador/a backend;Se requiere SQL y Git. Se valora Python y Docker. Euskera valorable. Puesto en Donostia.;temporal;parcial;Donostia;32500;cerrada;api;https://boards.example/softwarelarranaga/jobs/70094;GH-70094;ad5611c95ee49ee518ef73e6649441d3;15/08/2026;09/09/2026
95;61;Comercial;Se requiere Atención al cliente y Orientación a resultados. Se valora Negociación. Formación: ADE o Marketing. Puesto en Donostia.;indefinido;completa;Donostia;;abierta;lanbide;https://lanbide.example/oferta/LB400042;LB400042;2a1b203815b554dc12ae18386a0fdd94;15/07/2026;24/09/2026
96;11;Analista de datos;Se requiere SQL y Python. Se valora Análisis estadístico. Euskera valorable. Puesto en Azpeitia.;practicas;completa;Azpeitia;14500;abierta;usuario;https://portal.example/oferta/900096;;6f10f79eba90cec74e1ab3492680874f;07/07/2026;25/09/2026
97;40;Técnico/a de calidad;Se requiere SAP y Atención al detalle. Se valora Pensamiento crítico. Puesto en Bergara.;indefinido;indiferente;Bergara;27000;abierta;manual;;;761f1ccef272e9047d8aedd524946839;03/06/2026;24/09/2026
98;35;Auxiliar de enfermería;Se requiere Empatía y Trabajo bajo presión. Se valora Atención al cliente. Formación: FP Grado Medio. Puesto en Donostia.;indefinido;indiferente;Donostia;22000;abierta;lanbide;https://lanbide.example/oferta/LB400043;LB400043;e6212c9c318690f00b47e087a9ccf5eb;15/09/2026;23/09/2026
99;47;Comercial;Se requiere Atención al cliente y Salesforce. Se valora Negociación. Formación: ADE o Marketing. Puesto en Oñati.;indefinido;completa;Oñati;24500;abierta;api;https://boards.example/comercialgoikoetxea/jobs/70099;GH-70099;5646d67a740215f4ddcecd7e06c3b150;13/08/2026;24/09/2026
100;48;Recepcionista;Se requiere Atención al cliente y Microsoft Office. Se valora Francés. Formación: FP Grado Superior. Puesto en Donostia.;temporal;completa;Donostia;21000;abierta;agente;https://www.hotelotegi.example/empleo;;f052a02bff96b492f1ade8d4b12bf295;15/06/2026;22/09/2026
101;4;Diseñador/a UX;Se requiere Creatividad y Photoshop. Se valora Figma y Empatía. Puesto en Donostia.;otro;completa;Donostia;;cerrada;manual;;;81d9eb5aca037082a0c5aa5587ffa843;13/05/2026;28/05/2026
102;29;Ingeniero/a de procesos;Se requiere Excel avanzado y Gestión de proyectos. Se valora SAP. Formación: Ingeniería Industrial o Ingeniería Mecánica. Puesto en Donostia.;temporal;completa;Donostia;29000;abierta;lanbide;https://lanbide.example/oferta/LB400044;LB400044;f08141d93d0f6b501062bd84a58c3999;01/08/2026;25/09/2026
103;24;Almacenero/a;Se requiere Trabajo en equipo y Logística. Se valora SAP. Puesto en Beasain.;indefinido;parcial;Beasain;;abierta;agente;https://www.logisticaolano.example/empleo;;43dd4cd3d940d17d1142b621eb6ae9b9;06/06/2026;22/09/2026
104;61;Analista de datos;Se requiere Excel avanzado y Análisis estadístico. Se valora Python y SQL. Formación: Ingeniería Informática o Economía. Euskera valorable. Puesto en Donostia.;temporal;completa;Donostia;32000;abierta;lanbide;https://lanbide.example/oferta/LB400045;LB400045;d5da1622ef73f5e2d09dbdda6bbdb514;30/07/2026;23/09/2026
105;61;Recepcionista;Se requiere Microsoft Office y Inglés. Se valora Francés y Atención al cliente. Euskera valorable. Puesto en Zarautz.;temporal;parcial;Zarautz;;abierta;lanbide;https://lanbide.example/oferta/LB400046;LB400046;ed42b69ab8181750eb8b858b980607f7;01/09/2026;25/09/2026
106;50;Soldador/a;Se requiere Soldadura y Prevención de riesgos. Se valora Autonomía. Formación: FP Grado Medio o FP Grado Superior. Puesto en Zumarraga.;practicas;indiferente;Zumarraga;11500;abierta;api;https://boards.example/estructurassarasola/jobs/70106;GH-70106;a2842c1e90161f1bbc050413b7a14a76;11/07/2026;23/09/2026
107;10;Soldador/a;Se requiere Soldadura y Autonomía. Se valora Prevención de riesgos. Puesto en Donostia.;temporal;completa;Donostia;24000;abierta;api;https://boards.example/fundicionesetxeberria/jobs/70107;GH-70107;9afd7ba09dca094ce9c20118e38a8942;06/09/2026;20/09/2026
108;50;Soldador/a;Se requiere Autonomía y Prevención de riesgos. Se valora Soldadura. Formación: FP Grado Medio o FP Grado Superior. Puesto en Zumarraga.;practicas;indiferente;Zumarraga;10500;abierta;lanbide;https://lanbide.example/oferta/LB400047;LB400047;2862abaab23dcf59727029d2dd5e60c5;04/09/2026;19/09/2026
109;61;Programador/a junior;Se requiere JavaScript y Git. Se valora Java. Puesto en Zarautz.;temporal;completa;Zarautz;25500;abierta;lanbide;https://lanbide.example/oferta/LB400048;LB400048;025df999ac0fc0f145f3f1e78e455bb5;10/08/2026;25/09/2026
110;23;Recepcionista;Se requiere Microsoft Office y Francés. Se valora Inglés y Atención al cliente. Euskera valorable. Puesto en Donostia.;temporal;completa;Donostia;;abierta;usuario;https://portal.example/oferta/900110;;be3b428c33880858720f071d6922cb3f;23/06/2026;19/09/2026
111;61;Delineante;Se requiere AutoCAD y Atención al detalle. Se valora Diseño gráfico. Formación: FP Grado Superior o Arquitectura. Euskera valorable. Puesto en Donostia.;indefinido;completa;Donostia;24000;cerrada;lanbide;https://lanbide.example/oferta/LB400049;LB400049;60df1c1f82baaaf5190bb8d2d5668478;23/08/2026;27/08/2026
112;23;Auxiliar de enfermería;Se requiere Empatía y Trabajo bajo presión. Se valora Atención al cliente. Formación: FP Grado Medio. Euskera valorable. Puesto en Donostia.;temporal;parcial;Donostia;19000;abierta;agente;https://www.laboratoriosmendizabal.example/empleo;;cf09b1fc7197ca6837fdc881a6b3d364;26/08/2026;19/09/2026
113;61;Analista de datos;Se requiere Análisis estadístico y SQL. Se valora Python. Puesto en Lasarte-Oria.;indefinido;completa;Lasarte-Oria;32500;abierta;lanbide;https://lanbide.example/oferta/LB400050;LB400050;b88cb947b38a19b4acbb80a69aed480f;11/06/2026;21/09/2026
114;61;Comercial;Se requiere Salesforce y Orientación a resultados. Se valora Negociación y Atención al cliente. Formación: ADE o Marketing. Euskera valorable. Puesto en Donostia.;practicas;completa;Donostia;;abierta;lanbide;https://lanbide.example/oferta/LB400051;LB400051;1113d55c95fc147caa6e073a0a0260cf;10/08/2026;19/09/2026
115;61;Educador/a;Se requiere Empatía y Euskera. Se valora Comunicación. Formación: Psicología o Magisterio. Puesto en Beasain.;practicas;indiferente;Beasain;;abierta;lanbide;https://lanbide.example/oferta/LB400052;LB400052;f6f74de7623327dc9d83ad9e00ef1182;06/09/2026;20/09/2026
116;39;Administrativo/a;Se requiere Odoo y Organización. Se valora Microsoft Office y Atención al cliente. Formación: FP Grado Superior o ADE. Puesto en Pamplona.;otro;completa;Pamplona;18000;abierta;agente;https://www.centrodeformacionolano.example/empleo;;5bea2921a48c95f0b203dbe2edc01a3d;06/08/2026;22/09/2026
117;21;Comercial;Se requiere Negociación y Salesforce. Se valora Atención al cliente y Orientación a resultados. Formación: ADE o Marketing. Puesto en Eibar.;otro;completa;Eibar;21000;abierta;manual;;;07bb1341ff75163cdec846199a4bd6d8;27/07/2026;23/09/2026
118;14;Comercial;Se requiere Atención al cliente y Salesforce. Se valora Orientación a resultados. Formación: ADE o Marketing. Puesto en Eibar.;temporal;parcial;Eibar;25000;cerrada;lanbide;https://lanbide.example/oferta/LB400053;LB400053;2b63254e8ef516de777273c857eff351;27/05/2026;29/06/2026
119;61;Diseñador/a UX;Se requiere Empatía y Photoshop. Se valora Figma. Euskera valorable. Puesto en Donostia.;indefinido;indiferente;Donostia;;cerrada;lanbide;https://lanbide.example/oferta/LB400054;LB400054;e7692885e7763283bba9f74b60ccfe5a;28/06/2026;14/07/2026
120;61;Técnico/a de laboratorio;Se requiere Pensamiento crítico y Análisis estadístico. Se valora Atención al detalle. Euskera valorable. Puesto en Donostia.;temporal;completa;Donostia;23000;abierta;lanbide;https://lanbide.example/oferta/LB400055;LB400055;37b36af42497835c3623e25b0f41190f;19/09/2026;24/09/2026
121;18;Administrativo/a;Se requiere Microsoft Office y Organización. Se valora Atención al cliente y Odoo. Formación: FP Grado Superior o ADE. Puesto en Tolosa.;temporal;completa;Tolosa;18500;abierta;lanbide;https://lanbide.example/oferta/LB400056;LB400056;4a064fa5c3037809d82c276f1f774828;12/06/2026;20/09/2026
122;24;Técnico/a de mantenimiento;Se requiere Prevención de riesgos y Autonomía. Se valora Resolución de problemas y Mecanizado CNC. Formación: FP Grado Superior o FP Grado Medio. Puesto en Beasain.;indefinido;completa;Beasain;25000;abierta;lanbide;https://lanbide.example/oferta/LB400057;LB400057;61559b5384e1743942f6fcf323df9dbe;24/08/2026;23/09/2026
123;61;Técnico/a de RRHH;Se requiere Negociación y Empatía. Se valora Microsoft Office y Comunicación. Formación: Psicología o Derecho. Euskera valorable. Puesto en Hondarribia.;practicas;completa;Hondarribia;10000;cerrada;lanbide;https://lanbide.example/oferta/LB400058;LB400058;b540631da431bceed331d790ebb5a649;18/06/2026;09/07/2026
124;3;Técnico/a de calidad;Se requiere SAP y Excel avanzado. Se valora Atención al detalle y Pensamiento crítico. Formación: Ingeniería Industrial o Química. Puesto en Hondarribia.;temporal;parcial;Hondarribia;;abierta;lanbide;https://lanbide.example/oferta/LB400059;LB400059;3494bafa981ed1e0d8bd68be05244889;22/05/2026;23/09/2026
125;8;Consultor/a junior;Se requiere Gestión de proyectos y Comunicación. Se valora Inglés. Formación: ADE o Derecho. Puesto en Madrid.;otro;indiferente;Madrid;28500;abierta;usuario;https://portal.example/oferta/900125;;c14bf4009053d3e2e5ff8eff37621d34;18/09/2026;22/09/2026
126;47;Comercial;Se requiere Orientación a resultados y Atención al cliente. Se valora Negociación. Euskera valorable. Puesto en Oñati.;practicas;completa;Oñati;;abierta;lanbide;https://lanbide.example/oferta/LB400060;LB400060;9f0c804656543cb9fa1b27dc30f318d5;23/07/2026;22/09/2026
127;61;Auxiliar contable;Se requiere QuickBooks y Organización. Se valora Excel avanzado y Contabilidad. Puesto en Donostia.;temporal;completa;Donostia;24000;abierta;lanbide;https://lanbide.example/oferta/LB400061;LB400061;f7c93baa75dca581e9f33914565e32cd;11/05/2026;19/09/2026
128;4;Analista de datos;Se requiere Excel avanzado y Análisis estadístico. Se valora Power BI. Puesto en Donostia.;temporal;completa;Donostia;31500;abierta;usuario;https://portal.example/oferta/900128;;45c078230aa7be692b7a1a3626e95b48;02/08/2026;19/09/2026
129;6;Comercial;Se requiere Salesforce y Negociación. Se valora Atención al cliente y Orientación a resultados. Formación: ADE o Marketing. Puesto en Donostia.;otro;completa;Donostia;22500;abierta;usuario;https://portal.example/oferta/900129;;b4830c2ddcd8ff3e7dbefe964544058a;15/06/2026;21/09/2026
130;58;Administrador/a de sistemas;Se requiere Redes y Docker. Se valora Ciberseguridad. Puesto en Legazpi.;temporal;completa;Legazpi;31500;cerrada;usuario;https://portal.example/oferta/900130;;13aaf13fe6f0d60c6f3338a80bcedb10;02/07/2026;16/08/2026
131;12;Programador/a junior;Se requiere JavaScript y Java. Se valora Git. Formación: Ingeniería Informática o Telecomunicaciones. Puesto en Donostia.;practicas;completa;Donostia;11000;cerrada;usuario;https://portal.example/oferta/900131;;8f464dd2386779b83885102514cbfb66;17/08/2026;28/08/2026
132;24;Administrativo/a;Se requiere Atención al cliente y Microsoft Office. Se valora Organización. Euskera valorable. Puesto en Beasain.;temporal;completa;Beasain;;abierta;agente;https://www.logisticaolano.example/empleo;;235f387afd277eb803beece31c84ac38;11/06/2026;23/09/2026
133;61;Administrativo/a;Se requiere Odoo y Organización. Se valora Microsoft Office. Puesto en Azpeitia.;temporal;indiferente;Azpeitia;18000;abierta;lanbide;https://lanbide.example/oferta/LB400062;LB400062;cd158af724c528b54dd1d825ff8a1f39;30/08/2026;19/09/2026
134;61;Técnico/a de marketing digital;Se requiere Creatividad y Google Analytics. Se valora HubSpot y WordPress. Formación: Marketing o Diseño. Puesto en Bergara.;indefinido;completa;Bergara;;abierta;lanbide;https://lanbide.example/oferta/LB400063;LB400063;9696cd06e476c355651c219c050948da;24/05/2026;22/09/2026
135;16;Soldador/a;Se requiere Prevención de riesgos y Soldadura. Se valora Autonomía. Puesto en Hernani.;practicas;completa;Hernani;14500;abierta;api;https://boards.example/estructuraszabaleta/jobs/70135;GH-70135;9f84f70b2c1bba155471be80098e82d4;06/09/2026;19/09/2026
136;47;Diseñador/a UX;Se requiere Figma y Photoshop. Se valora Empatía. Puesto en Oñati.;otro;completa;Oñati;;abierta;api;https://boards.example/comercialgoikoetxea/jobs/70136;GH-70136;aa4944cf7d8f5aed29b403420ef9e2c1;11/06/2026;23/09/2026
137;29;Técnico/a de mantenimiento;Se requiere Mecanizado CNC y Autonomía. Se valora Resolución de problemas. Puesto en Donostia.;otro;completa;Donostia;22500;abierta;agente;https://www.tallereselizondo.example/empleo;;457f82a7eff4fcb90d257ff7fd7038ff;08/07/2026;22/09/2026
138;17;Comercial;Se requiere Orientación a resultados y Negociación. Se valora Atención al cliente y Salesforce. Formación: ADE o Marketing. Puesto en Hondarribia.;otro;completa;Hondarribia;20000;cerrada;usuario;https://portal.example/oferta/900138;;427643d64550375b8357fa46af4bedcb;05/08/2026;03/09/2026
139;45;Asesor/a jurídico/a junior;Se requiere Negociación y Pensamiento crítico. Se valora Inglés. Puesto en Donostia.;practicas;parcial;Donostia;;abierta;usuario;https://portal.example/oferta/900139;;1c5a63b1d5194eb8c3aff265ab581075;07/08/2026;24/09/2026
140;34;Dependiente/a;Se requiere Vocación de servicio y Atención al cliente. Se valora Trabajo en equipo. Formación: FP Grado Medio. Euskera valorable. Puesto en Hernani.;temporal;parcial;Hernani;19000;abierta;usuario;https://portal.example/oferta/900140;;1c887073260ce6238f3e12b9f87f389c;07/06/2026;20/09/2026
141;1;Recepcionista;Se requiere Microsoft Office y Inglés. Se valora Atención al cliente y Francés. Formación: FP Grado Superior. Euskera valorable. Puesto en Azpeitia.;indefinido;completa;Azpeitia;19500;abierta;api;https://boards.example/hoteliturriaga/jobs/70141;GH-70141;cbf61a6eb46e6c373f245d1f315bccb5;21/06/2026;22/09/2026
142;31;Técnico/a de calidad;Se requiere Excel avanzado y Pensamiento crítico. Se valora SAP y Atención al detalle. Puesto en Donostia.;otro;indiferente;Donostia;26500;abierta;usuario;;;fa1f9122571035c4364101f542bcff80;18/05/2026;25/09/2026
143;6;Delineante;Se requiere AutoCAD y Diseño gráfico. Se valora Atención al detalle. Puesto en Donostia.;otro;parcial;Donostia;21000;abierta;agente;https://www.mecanizadosaizpurua.example/empleo;;a1716915f89fa01f859871695d4d8d6f;10/09/2026;22/09/2026
144;45;Auxiliar contable;Se requiere Contabilidad y Organización. Se valora QuickBooks y Excel avanzado. Formación: ADE o Economía. Puesto en Donostia.;practicas;completa;Donostia;10500;cerrada;usuario;https://portal.example/oferta/900144;;5c69f2e714fc0bd1718adb641df1ea87;29/06/2026;10/08/2026
145;61;Soldador/a;Se requiere Prevención de riesgos y Soldadura. Se valora Autonomía. Puesto en Hernani.;indefinido;completa;Hernani;26000;abierta;lanbide;https://lanbide.example/oferta/LB400064;LB400064;a2a1d359bc3ab44a3384b49dd6d7c3e2;19/09/2026;24/09/2026
146;26;Programador/a junior;Se requiere JavaScript y Git. Se valora SQL. Formación: Ingeniería Informática o Telecomunicaciones. Puesto en Irun.;practicas;completa;Irun;9000;abierta;usuario;;;1ba6fda76cd507b51c1c48c29f7b6bfd;15/07/2026;22/09/2026
147;43;Comercial;Se requiere Negociación y Atención al cliente. Se valora Orientación a resultados y Salesforce. Puesto en Tolosa.;indefinido;completa;Tolosa;26000;cerrada;api;https://boards.example/logisticaaizpurua/jobs/70147;GH-70147;200f141ab3c526ad929994c95fb4337a;11/08/2026;14/08/2026
148;38;Almacenero/a;Se requiere Logística y Trabajo en equipo. Se valora SAP. Formación: FP Grado Medio. Puesto en Andoain.;indefinido;completa;Andoain;20000;abierta;lanbide;https://lanbide.example/oferta/LB400065;LB400065;094e1ce799f7efa2a24a0c490ae28b43;30/05/2026;22/09/2026
149;47;Diseñador/a UX;Se requiere Creatividad y Figma. Se valora Empatía. Formación: Diseño o Marketing. Puesto en Oñati.;temporal;completa;Oñati;28500;cerrada;lanbide;https://lanbide.example/oferta/LB400066;LB400066;e06384a83759b8c68a93c5459800ce47;15/05/2026;09/09/2026
150;61;Diseñador/a UX;Se requiere Empatía y Figma. Se valora Creatividad y Photoshop. Puesto en Bergara.;indefinido;completa;Bergara;29000;abierta;lanbide;https://lanbide.example/oferta/LB400067;LB400067;a399c689505af0f454d1404e7fa8a701;03/09/2026;25/09/2026
151;46;Diseñador/a UX;Se requiere Creatividad y Photoshop. Se valora Empatía y Figma. Puesto en Donostia.;temporal;parcial;Donostia;29500;abierta;lanbide;https://lanbide.example/oferta/LB400068;LB400068;df9919aa356a34a9e86627f1f90f27c7;15/07/2026;23/09/2026
152;10;Delineante;Se requiere Atención al detalle y AutoCAD. Se valora Diseño gráfico. Formación: FP Grado Superior o Arquitectura. Puesto en Donostia.;practicas;completa;Donostia;11500;cerrada;api;https://boards.example/fundicionesetxeberria/jobs/70152;GH-70152;1fea5afc8f09fac81250968fe4aad713;05/05/2026;20/07/2026
153;36;Técnico/a de marketing digital;Se requiere WordPress y Creatividad. Se valora HubSpot. Formación: Marketing o Diseño. Puesto en Zarautz.;temporal;completa;Zarautz;24500;abierta;api;https://boards.example/consultoriaechave/jobs/70153;GH-70153;23d169104e187ffbbc55ebfc9bbb5043;17/06/2026;21/09/2026
154;61;Administrativo/a;Se requiere Microsoft Office y Odoo. Se valora Organización y Atención al cliente. Puesto en Zarautz.;indefinido;indiferente;Zarautz;18000;abierta;lanbide;https://lanbide.example/oferta/LB400069;LB400069;f58e3ca32057f81529ee8d1944f78d7b;05/08/2026;20/09/2026
155;27;Soldador/a;Se requiere Soldadura y Prevención de riesgos. Se valora Autonomía. Puesto en Donostia.;practicas;indiferente;Donostia;14000;abierta;agente;https://www.construccionesberistain.example/empleo;;6dca549a8f00607ae931409be4c744ce;31/08/2026;24/09/2026
156;24;Comercial;Se requiere Negociación y Atención al cliente. Se valora Salesforce. Puesto en Beasain.;otro;completa;Beasain;;cerrada;agente;https://www.logisticaolano.example/empleo;;4ac967617729fe1895e9ea69253cf378;10/06/2026;23/08/2026
157;5;Camarero/a;Se requiere Atención al cliente y Inglés. Se valora Euskera. Formación: FP Grado Medio. Puesto en Arrasate.;indefinido;indiferente;Arrasate;17500;cerrada;usuario;;;ae2d00201f842c490c799106f2531794;06/07/2026;13/07/2026
158;61;Administrativo/a;Se requiere Microsoft Office y Atención al cliente. Se valora Odoo. Puesto en Lasarte-Oria.;practicas;completa;Lasarte-Oria;13500;abierta;lanbide;https://lanbide.example/oferta/LB400070;LB400070;f2c56bf436cffeb2d4e2e4174d2e2f94;15/05/2026;24/09/2026
159;61;Analista financiero/a;Se requiere Pensamiento crítico y Power BI. Se valora Excel avanzado. Formación: ADE o Economía. Puesto en Bergara.;indefinido;indiferente;Bergara;;abierta;lanbide;https://lanbide.example/oferta/LB400071;LB400071;2becc25d00021114d33c9dfcf4594954;06/09/2026;22/09/2026
160;18;Técnico/a de marketing digital;Se requiere WordPress y Google Analytics. Se valora HubSpot y Creatividad. Formación: Marketing o Diseño. Puesto en Tolosa.;indefinido;parcial;Tolosa;22500;cerrada;api;https://boards.example/comercialirazabal/jobs/70160;GH-70160;87c04b69b9603a6c1738c8735a26afd7;05/07/2026;05/08/2026
161;61;Educador/a;Se requiere Euskera y Empatía. Se valora Creatividad. Puesto en Azpeitia.;indefinido;completa;Azpeitia;22000;cerrada;lanbide;https://lanbide.example/oferta/LB400072;LB400072;ac00cdd2259e685991f13e138f1dfcd5;21/08/2026;02/09/2026
162;61;Camarero/a;Se requiere Euskera y Atención al cliente. Se valora Trabajo bajo presión y Inglés. Puesto en Zarautz.;indefinido;completa;Zarautz;;abierta;lanbide;https://lanbide.example/oferta/LB400073;LB400073;f8c9f5ee72dc17b5aaec0b17c6c8641a;13/08/2026;22/09/2026
163;47;Técnico/a de marketing digital;Se requiere Google Analytics y HubSpot. Se valora WordPress y Creatividad. Formación: Marketing o Diseño. Euskera valorable. Puesto en Oñati.;practicas;parcial;Oñati;12500;abierta;api;https://boards.example/comercialgoikoetxea/jobs/70163;GH-70163;d419ee153f133022c2383cd3e3373a39;12/09/2026;25/09/2026
164;61;Técnico/a de mantenimiento;Se requiere Resolución de problemas y Prevención de riesgos. Se valora Autonomía. Puesto en Donostia.;practicas;completa;Donostia;13000;abierta;lanbide;https://lanbide.example/oferta/LB400074;LB400074;3677a7470430a8d14a387a2da63f8168;13/09/2026;21/09/2026
165;17;Técnico/a de mantenimiento;Se requiere Autonomía y Resolución de problemas. Se valora Prevención de riesgos y Mecanizado CNC. Formación: FP Grado Superior o FP Grado Medio. Puesto en Hondarribia.;practicas;indiferente;Hondarribia;10000;abierta;manual;;;b9cae8a828ad562ab7313f76b76251f5;29/08/2026;20/09/2026
166;28;Almacenero/a;Se requiere Trabajo en equipo y Logística. Se valora SAP. Formación: FP Grado Medio. Puesto en Madrid.;indefinido;completa;Madrid;19500;abierta;usuario;https://portal.example/oferta/900166;;9c6b3902256d91771dae98680401e211;22/09/2026;22/09/2026
167;15;Cocinero/a;Se requiere Organización y Trabajo bajo presión. Se valora Creatividad. Formación: FP Grado Medio o FP Grado Superior. Euskera valorable. Puesto en Donostia.;practicas;completa;Donostia;;abierta;usuario;https://portal.example/oferta/900167;;71f466e3bc57f49c7d7f094a6b6aaeaa;14/08/2026;22/09/2026
168;29;Operario/a de producción;Se requiere Prevención de riesgos y Mecanizado CNC. Se valora Trabajo en equipo y Trabajo bajo presión. Formación: FP Grado Medio. Puesto en Donostia.;temporal;parcial;Donostia;;cerrada;agente;https://www.tallereselizondo.example/empleo;;3a498b5ac0b10ccbb04f281ec999c6b7;21/07/2026;07/09/2026
169;13;Soldador/a;Se requiere Autonomía y Soldadura. Se valora Prevención de riesgos. Formación: FP Grado Medio o FP Grado Superior. Puesto en Andoain.;practicas;completa;Andoain;10000;cerrada;manual;;;fb5b31e1230bbd1be8cd9753403f92cc;04/08/2026;28/08/2026
170;12;Diseñador/a UX;Se requiere Figma y Empatía. Se valora Creatividad y Photoshop. Formación: Diseño o Marketing. Puesto en Donostia.;temporal;parcial;Donostia;28000;abierta;lanbide;https://lanbide.example/oferta/LB400075;LB400075;b93262a4d31d3c20c611bdc5c1d02baf;12/09/2026;24/09/2026
171;28;Diseñador/a UX;Se requiere Figma y Empatía. Se valora Creatividad. Puesto en Madrid.;otro;completa;Madrid;29500;abierta;manual;;;7165257c0b354effef65cc63703d2068;06/09/2026;23/09/2026
172;61;Cocinero/a;Se requiere Organización y Trabajo bajo presión. Se valora Creatividad. Formación: FP Grado Medio o FP Grado Superior. Puesto en Arrasate.;practicas;completa;Arrasate;9500;cerrada;lanbide;https://lanbide.example/oferta/LB400076;LB400076;39285c8c2e414a4da004456dd24a5c34;17/05/2026;17/06/2026
173;55;Comercial;Se requiere Negociación y Salesforce. Se valora Orientación a resultados. Formación: ADE o Marketing. Puesto en Irun.;temporal;indiferente;Irun;22500;abierta;usuario;https://portal.example/oferta/900173;;5f59caf1652163155d653b12b51b4bcb;20/07/2026;24/09/2026
174;8;Técnico/a de RRHH;Se requiere Empatía y Microsoft Office. Se valora Negociación. Formación: Psicología o Derecho. Puesto en Madrid.;indefinido;completa;Madrid;25000;abierta;usuario;https://portal.example/oferta/900174;;3f8b012ac7234a211b5eb7759ca4713b;12/05/2026;24/09/2026
175;56;Analista de datos;Se requiere Análisis estadístico y SQL. Se valora Excel avanzado y Python. Puesto en Madrid.;temporal;indiferente;Madrid;;abierta;usuario;;;a78d336ef21dc62af9b8e2b865f6a088;03/08/2026;19/09/2026
176;61;Camarero/a;Se requiere Euskera y Atención al cliente. Se valora Inglés. Puesto en Tolosa.;otro;completa;Tolosa;18000;abierta;lanbide;https://lanbide.example/oferta/LB400077;LB400077;95c1ba4c523e3f554c761e0f0e985b3f;10/06/2026;19/09/2026
177;33;Administrativo/a;Se requiere Atención al cliente y Odoo. Se valora Microsoft Office y Organización. Formación: FP Grado Superior o ADE. Puesto en Madrid.;temporal;indiferente;Madrid;;abierta;usuario;https://portal.example/oferta/900177;;e55ad6a66c4156bc4c35801a2776e064;20/05/2026;23/09/2026
178;31;Comercial;Se requiere Negociación y Salesforce. Se valora Atención al cliente. Formación: ADE o Marketing. Puesto en Donostia.;indefinido;completa;Donostia;25000;abierta;lanbide;https://lanbide.example/oferta/LB400078;LB400078;55850870cc00cff28c32fee63478b2c4;13/06/2026;22/09/2026
179;59;Comercial;Se requiere Negociación y Orientación a resultados. Se valora Salesforce y Atención al cliente. Formación: ADE o Marketing. Puesto en Donostia.;temporal;completa;Donostia;;abierta;manual;;;7c898176b68fa38a674afc8ec3dbd1c5;09/09/2026;25/09/2026
180;43;Técnico/a de logística;Se requiere Logística y SAP. Se valora Excel avanzado y Organización. Puesto en Tolosa.;temporal;completa;Tolosa;26000;cerrada;api;https://boards.example/logisticaaizpurua/jobs/70180;GH-70180;e887e8076f375898bc9144e826b1b83e;11/07/2026;23/07/2026
181;25;Soldador/a;Se requiere Prevención de riesgos y Autonomía. Se valora Soldadura. Puesto en Irun.;indefinido;completa;Irun;22000;abierta;lanbide;https://lanbide.example/oferta/LB400079;LB400079;c336e6737a129829095be0877a14a72c;26/08/2026;19/09/2026
182;61;Técnico/a de laboratorio;Se requiere Análisis estadístico y Inglés. Se valora Pensamiento crítico y Atención al detalle. Euskera valorable. Puesto en Legazpi.;otro;completa;Legazpi;24500;cerrada;lanbide;https://lanbide.example/oferta/LB400080;LB400080;1f3b182e1f1f0f6546e8fc7bd31d112b;14/07/2026;18/08/2026
183;43;Comercial;Se requiere Negociación y Orientación a resultados. Se valora Atención al cliente y Salesforce. Formación: ADE o Marketing. Puesto en Tolosa.;otro;completa;Tolosa;23500;abierta;lanbide;https://lanbide.example/oferta/LB400081;LB400081;e0c524d9436647ca06519dcaff25db53;14/06/2026;19/09/2026
184;29;Ingeniero/a de procesos;Se requiere AutoCAD y Gestión de proyectos. Se valora SAP y Resolución de problemas. Euskera valorable. Puesto en Donostia.;temporal;completa;Donostia;30000;abierta;agente;https://www.tallereselizondo.example/empleo;;d17d4650f3cd740e515f0b775a39d934;05/07/2026;25/09/2026
185;50;Administrativo/a;Se requiere Atención al cliente y Microsoft Office. Se valora Organización y Odoo. Formación: FP Grado Superior o ADE. Puesto en Zumarraga.;otro;parcial;Zumarraga;18000;abierta;api;https://boards.example/estructurassarasola/jobs/70185;GH-70185;e9a5b33ac80ffbaeab583ff9cf6c827d;29/06/2026;24/09/2026
186;61;Analista de datos;Se requiere Excel avanzado y Análisis estadístico. Se valora Power BI y Python. Formación: Ingeniería Informática o Economía. Puesto en Hernani.;temporal;completa;Hernani;;abierta;lanbide;https://lanbide.example/oferta/LB400082;LB400082;f90c912574b091b10179d69be03279c5;21/08/2026;20/09/2026
187;61;Comercial;Se requiere Negociación y Salesforce. Se valora Atención al cliente. Formación: ADE o Marketing. Euskera valorable. Puesto en Pasaia.;otro;indiferente;Pasaia;24500;abierta;lanbide;https://lanbide.example/oferta/LB400083;LB400083;b8bbfecede8a7808c8b47f9827ee9409;22/07/2026;25/09/2026
188;39;Técnico/a de RRHH;Se requiere Comunicación y Empatía. Se valora Negociación. Formación: Psicología o Derecho. Puesto en Pamplona.;indefinido;completa;Pamplona;;abierta;usuario;https://portal.example/oferta/900188;;1813a1f31188be01fb9e0350978ed978;29/08/2026;23/09/2026
189;34;Almacenero/a;Se requiere Trabajo en equipo y SAP. Se valora Logística. Puesto en Hernani.;practicas;completa;Hernani;;abierta;manual;;;6ea63537902f3d86134cb57cda154cc4;02/09/2026;25/09/2026
190;2;Administrativo/a;Se requiere Odoo y Atención al cliente. Se valora Organización. Formación: FP Grado Superior o ADE. Puesto en Donostia.;indefinido;completa;Donostia;;abierta;lanbide;https://lanbide.example/oferta/LB400084;LB400084;7bc1f53daa716767a33f9677b0ba44db;06/05/2026;24/09/2026
191;42;Técnico/a de calidad;Se requiere Excel avanzado y Pensamiento crítico. Se valora Atención al detalle. Formación: Ingeniería Industrial o Química. Euskera valorable. Puesto en Donostia.;temporal;parcial;Donostia;29000;abierta;usuario;https://portal.example/oferta/900191;;35030dd6b3948a90c22145087ae6d20a;30/07/2026;22/09/2026
192;43;Administrativo/a;Se requiere Odoo y Organización. Se valora Atención al cliente. Formación: FP Grado Superior o ADE. Puesto en Tolosa.;indefinido;completa;Tolosa;;abierta;api;https://boards.example/logisticaaizpurua/jobs/70192;GH-70192;5b4ee616f31381a00441c0a5b56b6b30;12/06/2026;24/09/2026
193;61;Administrativo/a;Se requiere Atención al cliente y Microsoft Office. Se valora Odoo. Formación: FP Grado Superior o ADE. Puesto en Lasarte-Oria.;temporal;completa;Lasarte-Oria;20500;abierta;lanbide;https://lanbide.example/oferta/LB400085;LB400085;eaad0d2d3ee32fdf17974581248e3681;10/06/2026;22/09/2026
194;61;Operario/a de producción;Se requiere Mecanizado CNC y Prevención de riesgos. Se valora Trabajo en equipo y Trabajo bajo presión. Formación: FP Grado Medio. Puesto en Lasarte-Oria.;indefinido;completa;Lasarte-Oria;22000;abierta;lanbide;https://lanbide.example/oferta/LB400086;LB400086;9a2f3fa4b54bccfe16fd22bd8d5a0010;18/08/2026;21/09/2026
195;34;Comercial;Se requiere Orientación a resultados y Atención al cliente. Se valora Salesforce y Negociación. Formación: ADE o Marketing. Puesto en Hernani.;practicas;completa;Hernani;;cerrada;manual;;;66f2d24aec4fe66a8ef468c8c80eb424;04/06/2026;10/09/2026
196;10;Ingeniero/a de procesos;Se requiere Gestión de proyectos y Resolución de problemas. Se valora AutoCAD y Excel avanzado. Puesto en Donostia.;practicas;completa;Donostia;10000;cerrada;lanbide;https://lanbide.example/oferta/LB400087;LB400087;a3cb4b8e9446cf69d3cf8ec460f4409b;20/05/2026;01/08/2026
197;31;Técnico/a de mantenimiento;Se requiere Autonomía y Prevención de riesgos. Se valora Mecanizado CNC. Euskera valorable. Puesto en Donostia.;indefinido;completa;Donostia;28000;abierta;agente;https://www.mecanizadoslarranaga.example/empleo;;7b1b820ed22c675f2107b174a5ac7340;04/09/2026;22/09/2026
198;61;Administrador/a de sistemas;Se requiere Ciberseguridad y Docker. Se valora Redes. Formación: Telecomunicaciones o Ingeniería Informática. Puesto en Irun.;practicas;indiferente;Irun;;abierta;lanbide;https://lanbide.example/oferta/LB400088;LB400088;15d4b93ca3ff3a1aff3d0d1df3e37a39;16/05/2026;24/09/2026
199;61;Técnico/a de laboratorio;Se requiere Análisis estadístico y Pensamiento crítico. Se valora Inglés y Atención al detalle. Formación: Biología o Química. Puesto en Pasaia.;indefinido;indiferente;Pasaia;23500;abierta;lanbide;https://lanbide.example/oferta/LB400089;LB400089;03c3bf13e1633d0d947077a326906569;09/07/2026;25/09/2026
200;59;Administrativo/a;Se requiere Organización y Microsoft Office. Se valora Odoo. Formación: FP Grado Superior o ADE. Puesto en Donostia.;indefinido;completa;Donostia;18000;cerrada;manual;;;466676c4e89ee9c57ead164ba8162cfb;29/06/2026;29/07/2026
201;22;Comercial;Se requiere Atención al cliente y Salesforce. Se valora Orientación a resultados. Puesto en Irun.;temporal;parcial;Irun;26000;cerrada;lanbide;https://lanbide.example/oferta/LB400090;LB400090;a0a8b5c1e9a1eba2cab1a52eb54409a1;14/07/2026;09/09/2026
202;61;Técnico/a de calidad;Se requiere Excel avanzado y Atención al detalle. Se valora SAP y Pensamiento crítico. Puesto en Lasarte-Oria.;indefinido;indiferente;Lasarte-Oria;27000;abierta;lanbide;https://lanbide.example/oferta/LB400091;LB400091;28a67d43b68b3e4642ad70163dad4e8c;09/09/2026;22/09/2026
203;41;Camarero/a;Se requiere Atención al cliente y Euskera. Se valora Trabajo bajo presión. Puesto en Zarautz.;practicas;completa;Zarautz;11000;cerrada;usuario;https://portal.example/oferta/900203;;839f8d464579c9edbc64ae6efc05369c;17/08/2026;08/09/2026
204;24;Técnico/a de logística;Se requiere Excel avanzado y Organización. Se valora Logística. Puesto en Beasain.;practicas;completa;Beasain;12500;abierta;agente;https://www.logisticaolano.example/empleo;;1a663d2f1ee856377bf2ab79a11feea1;30/08/2026;24/09/2026
205;61;Analista de datos;Se requiere SQL y Python. Se valora Análisis estadístico. Formación: Ingeniería Informática o Economía. Puesto en Donostia.;indefinido;parcial;Donostia;28000;cerrada;lanbide;https://lanbide.example/oferta/LB400092;LB400092;ab089b520f001f64b5d293d93f6bbca9;11/08/2026;29/08/2026
206;18;Administrativo/a;Se requiere Atención al cliente y Microsoft Office. Se valora Organización y Odoo. Formación: FP Grado Superior o ADE. Euskera valorable. Puesto en Tolosa.;indefinido;completa;Tolosa;;abierta;api;https://boards.example/comercialirazabal/jobs/70206;GH-70206;5f7aa38a846dfbeb36ebec5549c4354b;29/08/2026;24/09/2026
207;61;Técnico/a de RRHH;Se requiere Negociación y Comunicación. Se valora Microsoft Office. Puesto en Bergara.;temporal;parcial;Bergara;23500;abierta;lanbide;https://lanbide.example/oferta/LB400093;LB400093;e532fe14946b2ce0831344ea76752fd8;21/09/2026;21/09/2026
208;26;Analista de datos;Se requiere SQL y Análisis estadístico. Se valora Power BI y Python. Puesto en Irun.;temporal;completa;Irun;;cerrada;manual;;;8ed525564c505fcc95aa86debd30384f;12/08/2026;19/08/2026
209;25;Delineante;Se requiere AutoCAD y Diseño gráfico. Se valora Atención al detalle. Formación: FP Grado Superior o Arquitectura. Puesto en Irun.;practicas;completa;Irun;9000;cerrada;agente;https://www.construccioneselizondo.example/empleo;;95f793a4eaa695eba00027bdc92e54be;06/06/2026;14/06/2026
210;16;Delineante;Se requiere Atención al detalle y AutoCAD. Se valora Diseño gráfico. Formación: FP Grado Superior o Arquitectura. Puesto en Hernani.;practicas;completa;Hernani;;abierta;api;https://boards.example/estructuraszabaleta/jobs/70210;GH-70210;77813f1424bffcf72389345596ed56b9;24/05/2026;22/09/2026
211;3;Delineante;Se requiere Diseño gráfico y Atención al detalle. Se valora AutoCAD. Puesto en Hondarribia.;otro;completa;Hondarribia;25000;abierta;lanbide;https://lanbide.example/oferta/LB400094;LB400094;86d1b73e2c79b3c7cb9ea78dd859e3d7;26/05/2026;20/09/2026
212;27;Arquitecto/a técnico/a;Se requiere Prevención de riesgos y Gestión de proyectos. Se valora AutoCAD y Negociación. Formación: Arquitectura. Puesto en Donostia.;indefinido;indiferente;Donostia;29500;cerrada;agente;https://www.construccionesberistain.example/empleo;;4a3fbf37880112f61a019589dc8f0f08;24/08/2026;05/09/2026
213;41;Cocinero/a;Se requiere Trabajo bajo presión y Creatividad. Se valora Organización. Euskera valorable. Puesto en Zarautz.;indefinido;parcial;Zarautz;21500;abierta;manual;;;942bdbb34801247f651d891673efc760;16/06/2026;20/09/2026
214;58;Diseñador/a UX;Se requiere Creatividad y Figma. Se valora Empatía. Formación: Diseño o Marketing. Euskera valorable. Puesto en Legazpi.;practicas;completa;Legazpi;;abierta;usuario;;;f1a50d4d3817f47c04fa872ab96acbf1;24/09/2026;24/09/2026
215;61;Administrativo/a;Se requiere Organización y Atención al cliente. Se valora Odoo y Microsoft Office. Formación: FP Grado Superior o ADE. Puesto en Eibar.;temporal;indiferente;Eibar;19500;abierta;lanbide;https://lanbide.example/oferta/LB400095;LB400095;320d44c6a85b6e4d59d5521a091c0c2e;16/06/2026;21/09/2026
216;51;Administrativo/a;Se requiere Organización y Odoo. Se valora Microsoft Office y Atención al cliente. Formación: FP Grado Superior o ADE. Euskera valorable. Puesto en Errenteria.;temporal;indiferente;Errenteria;18500;abierta;lanbide;https://lanbide.example/oferta/LB400096;LB400096;1c9fe1b5f65e6eecc715ed115e6cd1ea;28/08/2026;22/09/2026
217;61;Administrativo/a;Se requiere Atención al cliente y Organización. Se valora Microsoft Office y Odoo. Puesto en Bergara.;practicas;completa;Bergara;12500;abierta;lanbide;https://lanbide.example/oferta/LB400097;LB400097;967fe9ac2270ecd028725cab7f24dd49;20/07/2026;20/09/2026
218;10;Operario/a de producción;Se requiere Trabajo en equipo y Trabajo bajo presión. Se valora Prevención de riesgos. Puesto en Donostia.;practicas;parcial;Donostia;10500;cerrada;api;https://boards.example/fundicionesetxeberria/jobs/70218;GH-70218;69d962c1fa7f3672827683cd342d824a;19/07/2026;08/09/2026
219;3;Ingeniero/a de procesos;Se requiere AutoCAD y Resolución de problemas. Se valora Gestión de proyectos y SAP. Formación: Ingeniería Industrial o Ingeniería Mecánica. Puesto en Hondarribia.;indefinido;parcial;Hondarribia;28500;cerrada;usuario;https://portal.example/oferta/900219;;cace913fee09a85110224074499416e8;11/07/2026;06/08/2026
220;61;Auxiliar de enfermería;Se requiere Empatía y Trabajo bajo presión. Se valora Atención al cliente. Formación: FP Grado Medio. Euskera valorable. Puesto en Hondarribia.;practicas;indiferente;Hondarribia;11000;abierta;lanbide;https://lanbide.example/oferta/LB400098;LB400098;d7ceadf294c078b64b31478732ec72b1;04/07/2026;23/09/2026
221;25;Arquitecto/a técnico/a;Se requiere Gestión de proyectos y AutoCAD. Se valora Negociación. Formación: Arquitectura. Euskera valorable. Puesto en Irun.;practicas;parcial;Irun;9500;abierta;agente;https://www.construccioneselizondo.example/empleo;;88e91a97b13237bd2dc39e64651dec62;26/08/2026;19/09/2026
222;22;Soldador/a;Se requiere Prevención de riesgos y Soldadura. Se valora Autonomía. Euskera valorable. Puesto en Irun.;otro;parcial;Irun;24000;abierta;agente;https://www.troquelesgarmendia.example/empleo;;cd9b928124ae3760ccdfbb67b766cc2e;13/07/2026;25/09/2026
223;7;Diseñador/a UX;Se requiere Empatía y Creatividad. Se valora Photoshop. Formación: Diseño o Marketing. Puesto en Tolosa.;indefinido;completa;Tolosa;28500;cerrada;usuario;https://portal.example/oferta/900223;;3110634d02c6ff9a186edd13fb0099cb;27/05/2026;25/08/2026
224;46;Programador/a junior;Se requiere Java y JavaScript. Se valora Git. Formación: Ingeniería Informática o Telecomunicaciones. Puesto en Donostia.;indefinido;completa;Donostia;;abierta;api;https://boards.example/softwarelarranaga/jobs/70224;GH-70224;2738f05667efd81db97d494acf53d9ac;25/08/2026;23/09/2026
225;61;Administrador/a de sistemas;Se requiere Ciberseguridad y Docker. Se valora Redes. Puesto en Errenteria.;indefinido;completa;Errenteria;28000;cerrada;lanbide;https://lanbide.example/oferta/LB400099;LB400099;97d09f6445d06ed06f6fa870cb03bf17;05/06/2026;08/07/2026
226;27;Administrativo/a;Se requiere Atención al cliente y Organización. Se valora Odoo y Microsoft Office. Formación: FP Grado Superior o ADE. Euskera valorable. Puesto en Donostia.;temporal;completa;Donostia;22000;cerrada;agente;https://www.construccionesberistain.example/empleo;;6ed87a98302d9be1e01cf7743825543d;06/06/2026;25/06/2026
227;7;Desarrollador/a backend;Se requiere SQL y Python. Se valora Docker y Git. Formación: Ingeniería Informática o Telecomunicaciones. Puesto en Tolosa.;indefinido;indiferente;Tolosa;33000;cerrada;manual;;;0a4c7028d6b2ec11876469ebcfabb71c;27/07/2026;30/07/2026
228;56;Técnico/a de RRHH;Se requiere Microsoft Office y Comunicación. Se valora Empatía. Formación: Psicología o Derecho. Puesto en Madrid.;practicas;parcial;Madrid;9000;abierta;manual;;;1980092fc6f673e13d50700732a434f6;16/08/2026;20/09/2026
229;53;Analista financiero/a;Se requiere Excel avanzado y Contabilidad. Se valora Power BI y Pensamiento crítico. Formación: ADE o Economía. Puesto en Errenteria.;practicas;completa;Errenteria;12000;abierta;manual;;;6c78f3083c1b0bd0ebb7da30a6b77d99;09/07/2026;25/09/2026
230;61;Almacenero/a;Se requiere SAP y Logística. Se valora Trabajo en equipo. Formación: FP Grado Medio. Puesto en Beasain.;otro;completa;Beasain;18000;abierta;lanbide;https://lanbide.example/oferta/LB400100;LB400100;9faf7408668e0eaeb069f24da4968154;14/05/2026;22/09/2026
231;32;Ingeniero/a de procesos;Se requiere SAP y Gestión de proyectos. Se valora AutoCAD. Formación: Ingeniería Industrial o Ingeniería Mecánica. Puesto en Barcelona.;indefinido;completa;Barcelona;;abierta;usuario;https://portal.example/oferta/900231;;a68c41e6f3865a91d0fb0f90875ce4c4;14/09/2026;19/09/2026
232;50;Arquitecto/a técnico/a;Se requiere Negociación y Gestión de proyectos. Se valora AutoCAD y Prevención de riesgos. Puesto en Zumarraga.;temporal;completa;Zumarraga;29000;cerrada;api;https://boards.example/estructurassarasola/jobs/70232;GH-70232;a223f7f9e6fe70c38cbbcebee953477b;02/07/2026;16/08/2026
233;61;Camarero/a;Se requiere Euskera y Atención al cliente. Se valora Inglés y Trabajo bajo presión. Formación: FP Grado Medio. Puesto en Pasaia.;indefinido;completa;Pasaia;17500;abierta;lanbide;https://lanbide.example/oferta/LB400101;LB400101;25bab0c03deb750c7f9d9e344aff4a2d;14/05/2026;21/09/2026
234;6;Técnico/a de mantenimiento;Se requiere Mecanizado CNC y Autonomía. Se valora Prevención de riesgos. Puesto en Donostia.;temporal;completa;Donostia;27000;abierta;agente;https://www.mecanizadosaizpurua.example/empleo;;4a3ecc28bd3e05bde849ac8f19fdeb7f;23/07/2026;25/09/2026
235;47;Dependiente/a;Se requiere Vocación de servicio y Trabajo en equipo. Se valora Atención al cliente. Formación: FP Grado Medio. Puesto en Oñati.;temporal;parcial;Oñati;17000;abierta;api;https://boards.example/comercialgoikoetxea/jobs/70235;GH-70235;3c4862561f9080a29caa5cb258af087a;26/07/2026;20/09/2026
236;38;Almacenero/a;Se requiere Trabajo en equipo y SAP. Se valora Logística. Formación: FP Grado Medio. Euskera valorable. Puesto en Andoain.;otro;completa;Andoain;19000;cerrada;manual;;;72354e00bddf38f3afd0c4cd5017346f;06/05/2026;02/08/2026
237;61;Camarero/a;Se requiere Euskera y Trabajo bajo presión. Se valora Atención al cliente. Formación: FP Grado Medio. Puesto en Arrasate.;indefinido;indiferente;Arrasate;18500;cerrada;lanbide;https://lanbide.example/oferta/LB400102;LB400102;e3dc86197a8d2439dfed3c5c1f4c0d1c;29/07/2026;06/08/2026
238;28;Dependiente/a;Se requiere Atención al cliente y Trabajo en equipo. Se valora Vocación de servicio. Puesto en Madrid.;indefinido;completa;Madrid;17500;abierta;usuario;https://portal.example/oferta/900238;;4bdb420bf14250d5cfe471a0b942f09c;12/06/2026;22/09/2026
239;55;Administrativo/a;Se requiere Organización y Odoo. Se valora Atención al cliente. Formación: FP Grado Superior o ADE. Puesto en Irun.;temporal;parcial;Irun;18000;cerrada;manual;;;b4c032a1710abbaf65af0112f929a648;10/05/2026;05/06/2026
240;19;Comercial;Se requiere Atención al cliente y Salesforce. Se valora Orientación a resultados. Formación: ADE o Marketing. Puesto en Donostia.;temporal;indiferente;Donostia;25000;abierta;usuario;https://portal.example/oferta/900240;;b9631d2a45ee41b0789bdca1b1cb5827;13/06/2026;22/09/2026
241;11;Asesor/a jurídico/a junior;Se requiere Comunicación y Inglés. Se valora Pensamiento crítico. Puesto en Azpeitia.;temporal;parcial;Azpeitia;;cerrada;usuario;https://portal.example/oferta/900241;;fb693c46286b3f5f722e089293bf7af1;02/08/2026;04/09/2026
242;36;Asesor/a jurídico/a junior;Se requiere Pensamiento crítico y Inglés. Se valora Comunicación y Negociación. Formación: Derecho. Puesto en Zarautz.;indefinido;indiferente;Zarautz;;abierta;api;https://boards.example/consultoriaechave/jobs/70242;GH-70242;560e19056527b875b9440e9d9b91a5f8;26/06/2026;24/09/2026
243;44;Analista de datos;Se requiere Excel avanzado y Power BI. Se valora SQL y Análisis estadístico. Formación: Ingeniería Informática o Economía. Euskera valorable. Puesto en Arrasate.;otro;parcial;Arrasate;34000;abierta;usuario;https://portal.example/oferta/900243;;fce6586a1fece5e0442f9f8c02957ffb;08/07/2026;20/09/2026
244;29;Delineante;Se requiere AutoCAD y Diseño gráfico. Se valora Atención al detalle. Formación: FP Grado Superior o Arquitectura. Puesto en Donostia.;temporal;completa;Donostia;26000;abierta;agente;https://www.tallereselizondo.example/empleo;;1a3ac547d7142cfd400aa28198ccb413;04/08/2026;25/09/2026
245;6;Ingeniero/a de procesos;Se requiere Resolución de problemas y Gestión de proyectos. Se valora Excel avanzado. Puesto en Donostia.;indefinido;parcial;Donostia;32500;abierta;agente;https://www.mecanizadosaizpurua.example/empleo;;6cea981df3e63a611790267fac4c6448;08/07/2026;19/09/2026
246;61;Programador/a junior;Se requiere JavaScript y Git. Se valora SQL y Java. Puesto en Donostia.;otro;parcial;Donostia;27000;cerrada;lanbide;https://lanbide.example/oferta/LB400103;LB400103;92b3ade4ec3656d0cb5af012317979c7;11/06/2026;25/07/2026
247;40;Comercial;Se requiere Negociación y Atención al cliente. Se valora Salesforce. Formación: ADE o Marketing. Euskera valorable. Puesto en Bergara.;indefinido;indiferente;Bergara;25000;abierta;usuario;https://portal.example/oferta/900247;;885b38e57aa38056bf883c47b82d2c64;09/06/2026;22/09/2026
248;32;Técnico/a de mantenimiento;Se requiere Prevención de riesgos y Mecanizado CNC. Se valora Autonomía. Formación: FP Grado Superior o FP Grado Medio. Puesto en Barcelona.;practicas;indiferente;Barcelona;;cerrada;lanbide;https://lanbide.example/oferta/LB400104;LB400104;0ad6c4e45d9bf1318f98fdd216a11ff3;27/05/2026;27/07/2026
249;17;Delineante;Se requiere Diseño gráfico y AutoCAD. Se valora Atención al detalle. Puesto en Hondarribia.;indefinido;completa;Hondarribia;21500;cerrada;usuario;https://portal.example/oferta/900249;;98b06a0e437e7cdf7d20fc92b571dbee;02/05/2026;18/05/2026
250;61;Camarero/a;Se requiere Inglés y Atención al cliente. Se valora Euskera. Formación: FP Grado Medio. Puesto en Hernani.;indefinido;completa;Hernani;18000;abierta;lanbide;https://lanbide.example/oferta/LB400105;LB400105;ff22dc576773d10b241c710250633c27;26/07/2026;24/09/2026
